A,B,C,D,E
-7.577033407637188,-3.2859144729529444,1.0960017280229617,7.120970683942488,4.497892413460336
-2.433771959678328,9.27223844793216,10.69178058914385,-4.309009275881341,4.237719070261157
5.603777660882831,-1.4143680854054423,3.7841296574270618,1.9151249246624182,-1.5003284582623984
-0.03517841364225773,-6.641284117143249,-5.2406398153627265,7.370965958439772,0.2993132646243133
2.0744668367166175,-1.5129937942385308,-0.35313810715581195,-9.470762788555243,-6.396803189951019
4.715981635708832,1.3284709077869685,-6.541528874383266,7.944786081333991,1.4851895189143889
-7.372779306648072,3.486795722680448,-0.7469557454187252,6.258636988047691,0.0015247103990461142
5.484880652571693,-6.804537520747658,-8.49219749243052,9.102664021108325,9.02103839347513
5.181985326825837,4.961920147376869,2.5344017034735096,-6.108009266771703,-7.651546784389998
1.7980809799173332,1.397900408618968,-4.035735729685898,8.259077980556459,-6.52789530664887
7.234469259265152,-9.214508436474958,4.246160788876804,-4.067969386900236,5.980365870611097
0.5163543212240954,5.395340354931328,9.77063842574945,4.104464690163141,9.8313755503939
1.900111975810287,-7.276985425141877,10.733906213687034,4.415605344971105,-9.742984911492583
6.090764226911146,6.215760905714951,-1.2681938494495386,6.9017401646667444,4.4522358306914
1.6548136625730852,-6.51175052547771,1.055186822329493,8.58103610865069,7.8538584892249865
-9.077857885379991,-3.6101636522651503,-0.9846902567237188,4.286327616264057,7.926555748406969
-11.094818576201684,0.478364700908152,0.923455466823903,2.4862947215810056,-1.01610328576613
-9.058715554829934,-3.977913645093678,-1.6756679122220923,-8.698294220987194,9.075821336194569
4.001800880426414,-9.061308587042918,-5.799890323059273,9.196457086593675,-5.595212239226422
2.192302815676666,-0.440582867442771,-5.855572519758621,2.472145055535089,7.06624874368962
6.7364636456340214,-4.152165075832162,-10.808265682793895,-6.831130423806886,7.24946879919721
-8.765519451148805,-0.43534162969528367,0.10067851326549951,2.8324002585329744,0.048532362871331
-8.49168367244298,-3.258206911207189,-1.2204935139605102,-2.6658428657687967,-4.01353560287596
8.734182842458305,4.728780039855852,1.8187085649147088,1.8466498894117649,-6.7199102252535825
4.911185655473279,-2.5644121831248423,-5.897239138030503,-9.607588913032775,0.8286126203119188
6.6282897105632035,-5.271718602646571,-3.2181654420672974,1.2811130576166185,3.979227724017182
-8.818538203058129,9.646593634957025,0.6177401524851514,6.443283964494789,-4.647850204963174
5.9033945776950985,-7.472754881748768,5.807200186620844,2.936989745197792,3.2028022219266816
6.176455651644266,6.725236619018862,-9.191461032227705,-0.24580640573263857,1.4092289491976722
2.7383261393105043,-4.758706432982807,1.9042079032736814,9.360857895005068,6.30445390491851
6.613319329136122,8.686179594467966,-7.6507165328533615,-7.612467853869211,7.024632944970442
6.088622324799707,-2.6791511562738624,1.0819093542213016,-4.360269004652439,8.681726535499891
4.576418150346273,-6.1568398773088395,6.800478525758157,9.793059222143782,-1.5179689461161257
2.443427550936057,4.731559010758264,-5.093901229117414,0.717093081121206,0.3690785388077895
5.207438629777401,-0.7166294821533548,4.600483396495795,7.9240948952535675,2.1536752988429253
3.9031750014546818,7.164643951996755,-2.255373897127993,-7.349452244787615,-3.4589985800225946
0.026926562243817953,-9.147916594150058,6.769101954856955,0.8888162328052385,8.626845977679729
6.378213118691494,9.286411397784043,4.254350697348539,-9.14845816905988,7.629802540837083
3.3024961030358915,-1.287940873646603,11.434156810083284,5.152176604154288,-7.746705170520589
4.992572298447847,1.806576252109032,7.286181209856087,5.261083888067365,-1.992801030138665
-10.037746052930204,5.733083212329845,-1.8532086633665574,-1.5729626391245315,-8.88749889813794
4.69460992238733,-6.91081159134304,-5.954555101118862,6.912864996898477,-9.401028588554144
0.1640742353985113,2.852836755415286,10.017496183585948,6.416970053352266,-8.279258220567321
6.248900527454119,-1.0432379355232957,2.0138439136823614,0.6069314746733063,-6.728235680350291
-1.202673153161671,-0.9593316592140972,-5.727720202556614,8.060908346798211,6.577759838815986
6.062909521104071,-6.607677412450242,-6.4544002978314765,-0.8914022456423343,-2.9264316918194844
6.481587571390195,-8.501881365725517,1.7442234123314917,6.894185490099336,-6.066054638413125
3.839401159233379,-0.49472429593299694,-0.20697229159883457,4.1148498224242935,4.271469897387378
3.9385567957517793,-3.5458781066721423,-2.904566858363669,2.9107550989139668,7.266811420727091
6.547687799649984,-8.305456338359232,3.4672749954380455,8.080406777070909,-7.995845511180368
7.233157390024015,-2.4004112704447955,2.442361490070735,4.8737507611113955,-0.83907356936278
-0.5054335127261498,8.313978406137998,9.639927202781147,-0.3424401878524641,-2.595054819619797
6.439541603154711,-0.05092603273521412,-7.032219517100597,7.409143201724916,-2.86801293818635
5.248987434376518,-9.984164172264556,5.10458220451748,-8.994705703543627,2.625689337473718
-9.223692736120814,9.848122730900752,2.1288302307049225,9.642474665547894,7.725505571647602
3.203363494285937,-0.6093187250188166,-6.680258171913863,3.165649966281869,-6.083551664128477
-0.04528950147378574,-3.2109202597168673,9.00819266259174,7.514900229981066,-6.719214884410121
3.657412698102522,9.059423513226179,-2.335137134335946,-9.741353989899777,8.000771651810659
1.4261251761556601,8.264644261587033,7.291194242750769,9.942733157510396,7.271338431015849
5.56097229294773,-2.8453020814486703,-1.3433778219633477,-4.806112419872002,-7.585861603437016
-0.4854245573191026,1.7547764002523039,-3.683266952622799,9.072343860736929,-2.7353225732692525
7.506341276342264,9.917385136813472,4.789613221131388,5.460123205087026,6.796501582657619
4.34239389812341,4.072479775763904,2.288802025627601,-5.330520285735751,-3.233869072095086
3.3642922992491733,2.954485967131742,1.2575265427684883,-8.754325811412638,-7.62130680506786
1.503269723004196,-6.609978591735695,-3.3824583070446863,-0.9317235458176576,-7.869150760236492
1.4438485709419209,2.116746254192691,8.781090736761438,-8.585199903627283,-9.221334827995086
-9.210550637004534,-6.385924047004961,-1.2423571454846027,1.158668787626615,3.6022498731383674
-0.5937599620353495,7.315463837891137,10.887122170193715,-1.4598019078211966,4.916981904861393
-12.210110939565384,6.814788396088485,1.7831254273473052,-2.262837796462893,1.4565214309127512
4.825985010746726,8.75834588907746,-10.33911048330488,8.04778609887779,-4.577866980484043
1.8003404853350902,-7.287778586486738,-2.5462990139513315,-9.109378698102127,4.560450769121857
0.9694818590177829,-2.8489015868042227,-5.193229260593921,-4.265665954249982,-3.28143886846936
0.994058952656661,3.1325194355129646,10.727741554300291,8.056993606067348,-3.860996502921874
-7.8219604425478435,7.448115480613058,-1.1986273749567895,9.441239247728628,-6.284620301782191
4.676657099581908,4.528280689044772,-9.769973868782575,3.979052947420749,5.213743472902298
3.575907154562403,-7.2986948145457164,-9.504348077606261,0.6207730737360801,-2.055366501534099
-1.6085900119270091,4.413274166745822,-6.909927412587718,2.5819410071386333,4.19924766385849
4.743325261489022,-3.4658223211536505,-2.1112184183123786,-6.529484819807148,2.5962768795332067
-8.734822585929992,-9.661132846025055,-1.6086494291306248,0.9094243318369148,-3.9084427842616627
3.470363074036078,9.646585863323939,0.37353269570727266,8.66766288318355,-0.933823954600868
8.969768424013843,-2.82664455116981,-7.899151434884589,-2.091796487600643,3.2006477715385984
3.7219674380234764,6.424301787114992,-1.4102491793489087,1.9066358790099986,-0.18548455988680423
6.983764948054436,-0.955254342456243,-3.155731292769553,-0.30526725836453394,-9.764522793075727
6.02483924480049,2.5378456796682514,-9.261978791730234,1.7685490921988958,-5.124987243393251
5.945565527391048,2.0869089610394234,-8.86423009653617,0.6869666011513313,-3.8445632791445856
-8.332085896148907,2.2980894742820634,-0.2171564445706488,-9.38955891340875,5.721768154468645
7.755735125902928,-0.3609112952784077,-8.31086165527876,8.2989233951286,8.63574839927017
2.704344921789091,-4.567277715199809,-0.5371535448833613,9.170892175994926,-2.0116240170737143
3.433693359300886,-3.0277132478320112,-7.886515672266985,-5.981606116921682,3.0287468623082283
6.38877170813366,1.9450596746605946,-0.2400840495812676,1.8725473995149962,9.221095737602337
1.5231843443934563,8.729531442668598,-6.351376593444938,4.874544057841888,-2.988618541869414
5.254435895223271,-4.589713786484042,-1.1125702903271377,5.598661519843205,3.485773942453294
1.7074703617763225,0.38680725945836336,-3.1547526446424143,6.059002452301069,-9.623043305263042
5.887324642163477,-8.816598351043059,4.612761795714726,-3.1202375688152966,-7.872884006202394
7.137932841021442,-9.718793117086586,-9.104233695231898,6.8853242596883355,-2.6508568185384735
-1.0889531464976456,5.889940052753557,9.427090237764359,9.858827751470788,8.714581196965845
3.3835048850412552,-0.7930036471404165,-1.3937968781761982,-3.573066291891653,3.5006280058299843
-1.2273970942144388,-9.68882894421834,-5.793062032803188,3.05364998037437,9.731654417710736
0.08601397656030818,-6.705964783209271,10.391282720090611,9.317490339223305,5.177360169339369
-1.2989556058601854,9.830013721154632,-3.760845892993618,-8.510174509395927,2.9466604900037847
-0.7802174330913592,5.865611538018015,-4.4476248121766915,-7.533784392799987,9.22501396695942
-7.685364436776915,-3.390118769308101,-0.5507738176633519,1.6062230317453974,-6.9247840754290575
6.414167648705638,0.9026008595944965,-1.1131054682750574,-4.56540129274166,-2.7712019438551287
0.9323212244773615,0.16069031868098982,6.687979873950635,-8.807940284608017,-4.631113212929607
-6.91759051449827,-0.32114264267154624,0.4918276507334317,3.5731034443027543,6.672524042203946
-0.09909723872930595,5.419282652495685,-4.853025619491721,2.619182702422746,2.538093413610037
6.447199577743402,7.174985699324225,-6.889911763774048,-7.20282183005202,8.654828441589103
-9.273630657220824,-7.694626313222188,0.08356579877263265,-6.261541817047442,2.413420940787123
5.795720003252642,5.681304784399476,-0.896403094575006,5.074332045079625,9.24729214061243
1.1281003851192877,2.3810549440238464,-7.094005828009475,-6.549784173913579,6.338914016990074
2.8885373389476743,4.549517841564194,-2.9332984280326624,-9.859403953935882,5.017042927009802
0.8021169943129712,-2.8543353153345503,10.529347165428868,3.7247520918184662,-1.1435596887717168
5.392476920569348,-7.7768151380709805,-2.9266738738213336,3.9230202039434143,-1.7896088797427439
6.9492310161792155,0.8266649944102866,1.910899614784392,6.0197391262214985,-5.210611129788729
5.657128819393668,3.89450619730823,-9.362421601705483,4.046884685955996,-6.237734417885918
5.204036762316715,-1.5647109438090823,-1.1741884897793355,0.8561218748977151,-6.439617842698741
0.07161441016769077,-4.680787471293701,9.704219259563672,1.9499271617458813,-4.303669705479612
0.9450104058236857,1.4044920640225804,-4.830205804964942,1.1752828133896305,-9.041958934028704
-6.678353420037,-5.1580092717644614,0.11345632531351779,4.2236791307929025,3.4114066812469304
4.954772954468305,-8.738913458215997,-8.440467104710015,-3.008784697746165,-3.4807723606345924
3.9615538426331076,8.359948057834963,3.2613244349052866,-3.076944831778759,-0.27417452556059985
-9.375666734646687,0.7716776808237231,0.14812513587539086,6.391903842362083,4.356586456742624
3.9461264047146862,2.6884568481149813,-7.766167573830684,-5.561392266185821,-0.8954600083581568
6.158372020527326,8.74554219413415,-11.401801360338544,0.43735732093443325,-3.7095302748028054
4.529198274125226,6.099087146537322,0.8130197116669606,-9.762584088542635,-8.679272797218902
-6.343616883103465,0.15253259456880564,-2.3141446805424137,-2.305388825069863,-1.7499664149723841
-10.477082017451412,4.243345030864683,1.357999841868803,-1.1582325830872087,-2.2268952591781215
5.82987914798683,-5.6880694251071855,-5.997784675741142,2.080950118600759,-8.228603417289522
8.21974170382526,-8.096246993857005,-9.445992151859397,1.2283022305103497,-7.119956978186397
-7.728580305381693,-2.233349383142227,1.572080541557314,-2.846809054485588,2.046921172651368
0.8475659888032432,-8.940845253504916,-4.8253028482210345,7.5033194669735686,-3.4698501813231175
0.4298906648458649,-1.4732389119786546,-3.8097549914909314,-2.043836814849616,7.719145887403659
2.0704608115487297,2.4282624778137833,11.135811101949692,-2.1373252525453257,2.844834577464894
4.263590553271169,-3.4009754160237504,-9.048968896918124,-0.4908728525713286,-8.757863318076007
4.976379986146839,0.7329985973537418,-4.033180474059701,-0.1482374805922717,3.1751794237803406
0.3244296256109458,5.3483477269750175,-0.7596839932882329,-3.1200970535012873,-5.710168219985179
1.0321735879766156,6.7631323894834985,-1.5371055712575326,-8.47315805898291,-1.194299483826466
-5.9213288059807025,9.454172712782945,1.2103003547508933,-6.355322588923946,-0.2983969108875577
-7.0588389901795665,-2.129091462054622,2.2580512650820426,3.5254273532656946,-4.124763030504017
5.311182474834964,4.752930219380216,3.2401777876125015,-2.99992212296309,0.5416230685002095
6.054836599695607,-6.180257595693681,-9.616871213847816,-6.183748547433437,-2.8478086203321284
-10.875856552504992,-0.4408779922619832,2.7551747075575586,-5.399112099767718,-6.494999243045418
3.1807226777210698,9.608945706763102,2.3981374878244273,-6.6471097746812795,6.559927357379216
0.296775451273672,-0.08139172816504292,7.708242859446361,-2.9196891135215157,-6.092403158976203
-10.347206428738115,6.639995056135085,1.4037801588974625,0.28714630087918813,-9.627320500890812
5.961704120783633,-1.249251160846434,-1.5770825885990494,-2.479747000512198,6.842078895745264
5.650831569038432,5.723261227528532,-1.3218175357101525,6.522274937160393,-4.31239157609101
6.374643846356717,-9.278763391199455,3.311366831591187,9.662053569410244,-3.9770219027588016
2.135650907954869,7.037125969212813,-4.729348217235679,5.216078491121827,-7.942089938723942
6.023830480554478,9.262104149271543,-7.027533485933742,0.7950009839631349,5.608355394037638
4.395800115860953,-0.5704625928756109,0.15763732573231892,4.7143166373156475,-9.855018206389916
-5.765462445172689,-3.820258828210001,-0.6428334200117938,8.358117089849749,2.3758920795154825
8.64198417594396,5.708235991638205,-9.054544127450438,-2.2120807965341927,-7.178830617333305
-1.0776616961140606,9.682365880565442,-4.472162717933515,-1.7513598471345482,-6.163900852901225
-10.202801130357743,-1.9866962121150422,0.660810602298876,-6.262741847217925,0.41388335926912845
0.8279079364967085,5.962929501920588,8.563913583020602,7.242481065314003,-4.672961420623441
-8.96646314830443,-5.143159362633036,-0.45800799473707077,-7.828967676384291,1.4783225089063023
3.998851748667005,8.085867554422517,-0.5149268276933192,5.558380834141259,9.657014298530363
0.020853892076019762,-3.6402006895052423,-4.991005774537868,3.4440685098067725,-1.8853236494808243
6.48695370870448,2.8411716160964957,-8.766156466733293,-4.272959380018175,1.0563397621143888
-1.7930270460323197,6.506101162205923,12.40099439521007,0.9348484388971698,7.273016278554177
0.8469142386142421,-9.386686490815382,9.917853183458329,6.358728620333746,3.3255712429525364
-11.498023245314648,0.7273673810177534,2.0369006279332074,-8.878423519897428,-6.018343813062879
1.779958916008987,-7.207471584026404,-5.499821065762993,-9.035229341690128,-1.895818162993912
2.854878782600678,9.902953381056477,8.818466526313394,0.2655925768730327,9.542204244571312
5.077569571091259,1.646320551992197,-6.755860334816407,-6.662978591242064,6.612929952899858
3.915606421223276,-4.108132072108635,10.192784601186293,-3.0251849586072073,9.066592477156593
-9.654049446968589,7.990639109896783,1.641415374448669,3.1859935801065387,-4.399265481390284
0.5997051360509847,1.8122529643135543,8.464751461624171,-0.07687305567023373,9.390749350030248
-0.26603777728498906,-6.1398729200137625,-5.960403175013088,-5.810895497252582,-0.8599541763656227
1.9264541949564136,9.403396231508786,-6.419329012802031,-6.138373628114955,-7.855644022340444
1.1170565260104113,-2.085199505774325,9.219743331029862,-6.011377360609114,-0.13206101143386384
5.930898602664001,-4.734536367751653,-7.51645552300911,4.641343768542567,-8.437700425703976
7.369235822383406,-7.96693112475327,2.553890290472693,-1.7110006574772356,-7.176513886828273
4.095076805222187,3.1171631304227354,1.1676332737133528,2.460920426371212,7.7334661249049965
4.48793238269275,2.045189543981502,-7.449590804512557,-7.286718088324388,2.0011353361127
2.546666676723058,2.090758936074904,-1.6253058447153301,7.655121971232486,-4.243320828011933
-9.756781198270483,0.4674654134412908,0.7184775565872472,5.374322543862743,-8.539955754135901
2.414851636753256,0.9580556045429649,-9.355465788445546,-9.082220701453313,-1.9194472815384387
6.062117123841732,-7.0947898864464225,-9.247897962733896,0.31608423146558273,0.6815415931828888
6.383897856739904,9.864751608004,4.608760208262032,-8.281736784413864,-0.880294563980895
0.24889907270353517,-9.661942532296212,-2.1859447208182368,-1.378649869200558,-6.272513915259226
5.6272697001223495,7.133074459351157,-0.6006139030201656,2.378873029744856,6.805560930362198
1.1288162082894115,-1.6122760451202716,9.959003089580673,1.2945224588147042,-5.815353415016742
-7.836943575822342,0.8896571315990904,-1.786356718867484,-4.4000079035280715,4.607812058982759
-7.658030820242287,-9.354081532327532,-0.4923187820741126,0.8519749354495492,1.9817403293423652
6.926957054801999,0.02449321507154778,-10.485882653129575,-6.9688864570054925,-2.167513979347639
-7.239069349569813,7.319835025041041,1.9780767441452283,-2.4575689036633026,-6.492850407785267
-11.570798974059155,8.769258259634537,2.115749235583504,-6.2481598084243934,1.5680648230621426
5.611014244752092,-7.947815332093988,-5.717142624223669,-7.832709185123525,-9.015113158703818
-0.5301622387747946,9.666635099643038,8.670605805737681,-7.129565352886065,2.8776277424239396
3.965539248914264,-0.9495741393661135,-2.832683343025719,-8.032712814588002,-6.378618995203141
0.2878150000722036,-0.5317733174162047,8.168066674732746,-0.6037685986695944,5.720353695657092
-9.28002461132357,-2.040737829160351,-0.530131780801297,-9.509382174719649,1.4145160225728741
5.464778916587257,-1.2824745896322316,-7.332844256874196,9.751112812432975,8.081149513284856
5.837697907897537,-9.224176326802915,-2.3075225157386594,-1.743572233305322,-8.798719950276224
6.695107422943379,-0.5158476161182062,-10.528623790989649,6.079117318085995,3.973450333994803
2.89820309231758,8.681628158476084,-0.33348369764300645,-8.812252246182153,7.749448136985773
1.1053655276021337,6.805983980625303,-6.151240921161872,3.795273810585673,2.9064999098966364
-10.974712654290279,-9.293448381708714,1.3401105056520066,1.572993853108649,-3.4042006216957565
0.05145611392098197,-2.938189657242283,-3.164105603608502,2.092752014338119,9.793102843518078
6.533214315174433,-2.3158630106035343,3.5502367034107127,-8.380147967588714,-2.817980067094698
-0.39070436198879954,4.649434465208085,8.97650889234494,4.659459577008464,0.6626399384584065
4.104351981730747,1.4241875033158848,-9.176071490997936,-0.027691243337299554,9.600718955115092
7.108504183154174,5.818433951800277,4.054670719898716,-5.402985233987129,0.9808897769506828
-7.535022300428774,8.981351176102237,-3.5054796574064295,-3.366022658242123,8.99451190144115
-1.7007181085422065,2.809612657958162,9.961534458200784,7.419056063704705,1.260761104980821
-1.894295189619061,6.695893815859417,-3.14858952590866,-9.48714982285913,-0.7547234668567793
-1.2178340034136508,-2.886968296526458,8.848942772193178,-3.5864789874968883,-2.248724805622593
-1.0801731950681712,-2.278878669915942,-4.299421852125052,-0.4265169262034938,-1.4733896828793753
5.123077664968279,6.975644662944081,-10.179539394768655,3.4833612513733225,-7.04175481866824
-0.4649728590340758,7.841842287547436,-4.971560180482926,-3.8481012313162744,1.2687805814945428
3.4073172458199967,-3.823300425051994,5.588575725366065,-1.0229458458484348,8.005367247339588
0.024947038448403847,7.353752931509561,10.124030537536251,5.662121859577896,-6.182072440308401
0.03416412706786404,-4.484147573792185,-5.0344119685407,5.7075999673473845,-5.504422067631925
-8.415396644550645,5.2198081247318395,0.8520890148851477,-8.683658238142144,1.090721375045172
2.3026616579849954,-0.017511635765094624,0.1869579032922457,-9.3585972354742,5.532690868928263
5.635565603038552,3.779454889206985,2.7269981371748067,6.525867537449354,-3.3652741096613425
5.632542795931072,2.581156446697415,-10.034030808198649,-4.815727639404683,7.95356932901667
-2.703383673128921,-7.002838521993273,-3.7359560391933515,8.867210696485582,-5.888575970465504
6.5470658151051975,7.6109565415388225,5.540123524265798,7.158028578448796,-4.323666336227432
6.691756852275522,6.8728613127447815,3.408334214747768,-3.453069142437066,-4.51522204889902
4.016325503225813,9.979549476107579,11.396775909581764,-1.229739360152756,1.6567419118561695
2.0373020797162735,8.150675627821983,8.94340960649447,-7.828691791029295,0.44053711031285125
6.540028596602136,-0.8165305042607773,2.45640136099533,-9.812365663312708,-7.798761956166976
5.833641820358569,0.8354525998142552,-6.333752477547602,4.803271209887763,-8.120809287162615
-0.8283946965142792,-5.772866533861034,-4.248011405983992,-6.708034040047794,-5.9814135585315125
1.8749517899525685,-1.0372676931592828,11.219393748430596,0.003986172659669052,5.641407922310753
-0.9402230856903253,9.283664990161672,-4.517841662292969,4.2294758293539445,-9.474716944294471
-6.3101688377845635,9.516573935698634,-1.7115847970146296,2.9936953028795106,1.6830381280890094
-9.061026127005169,8.385486876351116,-1.0749689953240742,2.5429465454320894,5.66749217101327
2.8937278570826814,-0.39637843553317254,-11.03634301727144,-1.6850357232265551,8.614207423840266
4.755313154537402,-7.933143765311104,-2.1644996448786165,-1.0023330749999655,4.67134687875847
0.6894457526197195,-8.65837393434752,-4.795760519566894,2.5555765026352404,9.300000651718317
-5.208114989650348,-5.840919405088211,0.5047285621682841,7.336593438813658,4.873488667309964
-8.255891158152757,-3.7431858423330926,-2.068255596540496,8.218654126431325,-4.7241906074762525
5.984971865303942,9.548551350000071,2.91207295401552,9.240299405179076,3.2004543180768295
-10.540824217486872,-1.6670834262219003,-0.45752674410090954,-2.57601631770934,5.213642860712719
-0.9795738225014698,9.691917157460278,7.4016085491739645,-4.221453657833434,-9.641406890039903
6.216071091476262,-4.295897166629372,-9.867819935180213,-0.4527716572806728,2.2214471399701523
1.0427586864202836,9.963409571123648,-5.471812536990382,-7.581003292860067,-7.008280188974856
-10.424036287528299,-3.5662836373354505,0.2576959060344756,-3.1221934992054745,0.07270306173777108
6.015423473952832,7.948044109821698,2.55545353633561,1.2006069023041483,4.214715368624669
-10.786706565822225,-6.758438166671958,1.2070253270049314,-8.137834739010504,-9.665837879355529
6.676295579547082,0.040814632053225,4.649161485640241,8.995792474850205,5.632803892657424
-0.2378591835100281,-8.143741825009718,8.991562653162202,6.040855773610481,0.3155061391450218
0.3632454470092725,1.4944087121124188,-3.9099607040842588,1.5139977980123476,7.339888350711547
-0.8430487845438394,5.676374836139086,-6.75545275382644,1.9813585965440694,2.4886320659714034
4.588198837573158,-8.43998811834373,3.1176455990950602,1.9876569620953255,-2.0090289375664856
4.943030299490236,3.4400628207541075,3.4931366668252264,1.9320784158672915,-9.709635244671968
-6.217370956734683,0.19922020646111882,2.2316077271993486,-3.96005289994362,-1.1772965717515778
6.285467489087107,-4.386593089705288,2.6728686452132377,-9.508212788659138,-2.1499094198161517
-1.790502300775965,6.995151692396469,-7.040111009559931,3.194237167304566,-2.7461762671903482
7.573138700136745,-4.726944520894647,0.7314760339755826,3.747481517457892,0.53914051780656
7.427354170755236,2.8887397814798614,-8.022813589986495,4.496247716025671,-3.333225459729235
0.9760728605845863,-0.23928734127462192,-2.344953080922765,9.843257683956534,8.200974801350291
1.0072176973624196,-9.248843402289177,9.850265246870315,3.6753493872493195,5.296109199272728
-10.588393564729792,-3.2405796164978717,-0.4437891649667596,-5.093961643536029,-5.285458055249022
5.279276394275952,-6.635319993256134,-6.21885643189549,-1.962300372945439,-6.400534571815372
1.3346568058993227,3.1336780339855874,10.305367803843284,-0.9737248601379189,9.372777845650393
4.3800629726546845,1.4268688076533245,-10.080172974513161,8.466572088454669,-2.5699011407974304
1.0256536304845225,-7.526656472907005,11.248900503692711,1.7375319936812428,-5.3398018163272365
4.700821036260172,2.5530900355093262,-1.7169328066481362,-3.77519945625604,6.8166122352487655
3.4397459879824095,7.790136614646791,-7.990057577532667,9.1060086355704,-9.533454827556241
1.607151412642396,-5.521547434033895,11.065122846701371,-5.294204294838282,9.939025366969133
1.297613189345411,-7.207910438757277,11.050206962481209,9.552284407196677,-8.48319935719392
2.7485838658787713,-8.396682286813062,-8.673015515379056,4.764842356338457,-1.6413238553502811
0.5739483372231479,7.128191407189412,10.78018356312293,3.1097169553051724,5.0280860967147145
3.8712636342120827,-6.988852929604055,-0.7613425189164501,-1.6035933734526644,7.968568359264715
0.4258806981483316,7.100275566236892,-5.152187830739764,-9.207497458215174,0.455319803155561
-10.443335130278903,5.443515301122783,-0.09353758587550853,7.588673186453846,9.699523363264923
3.144462480791152,-1.1787708865720603,-2.771126870362355,5.955261580837467,-4.455963239070226
-2.2520538411993263,3.5352316155646513,7.585399273805129,6.409749111218346,5.509516627122501
4.86944493318847,9.055608102457391,-3.161590957345378,0.22504320569789904,2.5445815130065164
8.16994621510593,-6.353711182613775,-6.835926009153622,-4.743817108814065,-1.132997070209674
-7.018105513531334,-0.8028335400714042,2.0974634929116793,3.658898469164342,-3.440569144079677
0.3270273545132385,-1.8139092158010541,-0.49939198700815934,-7.84872981691449,-1.87818504550091
3.4185137260661067,3.0519427688439613,-8.837957830529676,-1.197541242971635,8.806544129175386
-9.223850220886309,7.769013954970884,-0.19079397358988237,6.574675826394277,-4.066139921589023
0.45472140605983735,-6.924263727386388,8.53329645477811,7.478117702433185,3.569889397216171
3.763025758666154,1.7048325964474849,4.099799920817597,-4.531994420203683,3.3159313505544663
4.646752233145946,-9.122071209956166,-0.41340844108182817,-6.521018036631827,1.9022024639929143
2.9205011491067365,-5.628746881912385,-1.1586601400086747,-8.997976233040774,0.402308682910002
7.562411064872624,5.495553909861519,4.85009958126752,6.293082393577926,6.350702712495195
5.158526206549755,3.44972094134903,5.333651841398103,1.366380856762671,-1.5467418332461733
3.1485767397217606,-9.297217894431341,11.667296550670217,8.355950006116323,9.353117489523214
0.5542975987989657,9.59396629668446,-6.356499628833662,-0.14622182442551868,3.4089935419108173
-11.194041011740598,-5.198114712281909,-0.29400650376977866,-1.7818616218466872,-0.949631353749572
3.828402704614985,-9.48160886587048,-8.9241248177211,-9.87561390024213,-5.8644130948873325
5.977242448135269,-9.257381591694983,-8.321683234703434,-3.391197669783093,8.529659458707812
5.794310310695673,-8.178139743033235,-7.518164963302196,-2.874974932341388,9.088924455822024
7.4224203914535885,-9.760919308518307,2.82013291841956,-6.613033634955245,-8.174579261572914
4.890485866602011,9.041163075631275,-8.987009747661151,0.003109847168584423,1.3518271047295354
1.7061511800256421,-2.373520006705925,11.896284949805418,-5.467497070404052,-3.061013684815279
-2.3045411849825066,-3.267927544005249,-8.656653048049774,-5.224613777266287,-2.847243606650496
6.472831299731226,-4.558443323847654,-9.518720736008762,0.3442985897598341,1.7277791062690113
-0.09546097660650638,-8.05860591514038,-2.4761409644708143,-8.33746481134602,7.952229143181139
3.941978235805082,2.7639433724035385,4.107447355824265,-5.643313210860093,-0.23253260900448325
-7.220588224688713,8.201298986739495,0.9514899332947645,-8.79657094099831,-7.502599167985144
5.375975308890473,4.427654158269847,-7.0747096728432695,0.8416912053305055,8.290268590706237
-0.777541565174714,9.927844659323071,10.199891795237688,5.0965895745277585,2.769153756393756
6.163963381892617,1.54114321834561,-11.121995214008347,0.30711219455632666,-3.026786433083764
0.5913360716015155,4.274910186645116,10.24154568894483,2.3588753677960277,-4.328466479542663
-8.291602842698758,8.929139599914254,0.25769586584360865,-8.054573967154536,1.113694363075325
4.512548814908797,-3.0743944777149395,-7.724580089784459,6.012299733330163,-7.254889118174244
0.2601567846608911,5.7613239965975716,8.973351623338486,-9.30793435169919,-2.5266787570056355
2.401668774506413,-7.857935927118136,11.161415773992399,4.5664154750363135,9.067710632517418
-0.349265474380243,3.7535804851370322,10.719732252618737,-2.3572550982919864,-4.738599345085661
-9.110845728712112,-4.229224240221003,1.3396132760574937,6.2361075624027364,6.1602419760928875
-0.24391718347147026,-4.244150609117945,-4.0154694847351795,6.971824714559425,-6.391292314773587
-8.052909296423342,-7.744891705402697,-1.315530888849962,8.838714370903169,9.663363016547244
3.4962388402112277,7.679755786424842,-8.635334822730847,7.701319115180411,2.3730717984608702
4.813523197437791,-3.6756384317679824,-1.9610812087806704,6.818927791930879,9.377237366057859
-8.998637395033562,3.394559351889212,1.9774663748437162,4.112918060138039,3.574823863916519
7.062049782444916,1.904517599304679,-8.383315440718102,-3.641323024810297,-1.7583338483395572
4.44636984109067,6.566670242311464,-0.6971724269872909,-2.274103070529847,7.967914663382508
1.7020293696686952,3.0661570143833394,-3.7428754556657307,6.088743844916184,-3.8090299030756603
3.915432262493923,-4.841401460281025,-9.270114840407814,1.437305497006765,3.1487282022883196
5.054952502172708,9.778494597672449,-9.399217136156565,5.024302451941921,6.591514336013148
5.4168881865857745,7.458816217175489,2.617922944894166,-3.777338304929483,9.9535902439676
-0.8015481320800468,9.664635619470072,9.57166274645492,8.83058160847392,6.333675474925585
1.04447665909147,9.83793477169176,10.191468242258566,8.168864657035297,3.154125843520937
8.850775761886748,-1.631625747463744,3.1018015154845235,-2.9119771123187537,-5.930782177475775
7.029548656385391,5.2350755224879375,-8.610306111570008,-8.279410753974027,6.146433070952693
6.5409278992579685,-1.2811669520087516,-8.50249379995095,-0.45306646558637453,-8.697457749348704
6.229199023431473,6.146106810576541,-2.0644999150650767,9.582515057255382,-4.996630215447373
7.266811573290916,4.190070107626276,-7.759327662134978,7.807637658625929,-7.139466869139004
4.580051342981236,6.633399325140964,-4.680688688045933,-2.6994595718204835,-7.59485412405456
6.381788889701039,7.080951447882484,3.014306327918558,7.6287467819323,-5.5342635858854745
-1.473578582234584,8.90681127636132,-4.631852715603664,-2.641483226295847,-0.1748230608338286
-7.410086522297459,4.957883904520328,-1.4601720979565143,-2.9125176116024454,1.2387142878254025
6.097329511681651,9.942606777788924,2.266889719938634,-1.0120284979693555,-5.198563124342757
7.051727908291084,5.643397287593903,2.8575764235560723,6.249656774924805,-6.615337432721549
-8.075505726315383,-4.372618658677354,-1.3353308579499585,-3.6702980367720395,5.722900129120699
-10.9845112269007,1.0401926134295962,0.37007431465315155,-1.8882379191160084,-6.219665021686216
0.36194133269082107,1.5605719865756722,9.845866505025949,0.0844094898732255,4.483769673078479
3.5829329974665933,1.6232979524942586,-10.636149787478553,-2.6329082090715916,3.906091100047771
4.272443825622396,7.038464250456798,-1.9927763055584615,9.743542148008679,-0.5314100295679971
0.5760841643983754,-6.0651305656069265,6.94413792507003,7.667341030557175,4.821855846835916
0.6579932223053568,-0.059141985036815115,9.911267322777201,9.71441131976913,8.48483515121011
-10.017610633546145,6.902445261545964,1.4604208825502025,-6.089484837801633,9.878643813654751
-10.876287350775712,-3.949337849071557,-2.0353996247183095,-7.6384715298915085,2.891851695754937
-11.017912681179105,-7.732449878593151,1.1389602870527482,-7.862506616004248,7.908458109544597
-0.6186994036922675,2.9240986527454833,9.390474891208907,-1.8133316352814237,-2.7844546255436375
4.363185718778002,0.2922560593222414,-8.883908421889526,7.001359600713172,7.569973295849987
4.712221116507588,-5.720923918458308,-8.767875180982804,1.5289364992625885,5.975871768955493
3.3085890469975325,-3.0376436139720253,-8.062144326880912,9.34776256340838,-1.0154617648080944
-0.1554704716032651,-9.453025146278481,6.155533697759092,-1.9624236037298264,5.648216844863205
2.0419000428256435,6.069290828435797,-1.0234502587339196,6.282801609582574,1.258163105443133
-0.6313095093320554,-6.061590328863133,-5.426822293670039,0.4603389161097944,5.6822068269655865
-6.738187185575036,-1.8041988794590207,1.7525897003657105,6.703694703868365,-7.07338692414202
-10.779583276811517,9.719636237038173,-0.4785641809742265,3.53803229537019,5.139805580030588
6.770328561378031,7.915523156331311,-8.587555011979733,0.17212947631788644,0.8267413262054504
-8.91180493227044,-6.27982000593331,0.3827442107459166,-4.418861947838108,-2.1939603957244653
1.5585487338795327,6.763249662608306,9.223732781227618,3.0666277465630714,3.07344001314609
0.6811076487839505,-9.167874056998144,10.237826400522701,2.6747032123224557,1.0110516731574322
-1.7755630933267552,6.60175440591226,11.275510456250595,8.204938249365625,4.923390212548311
6.993022468062005,2.8645939691612803,3.2632960565007796,-5.49897554828113,0.3588501502597019
-2.4684133869374896,4.990343317025744,-5.977170062285995,0.535655433863667,-5.203697665160427
3.2907366299442913,8.585412727711564,-1.5320467654222036,0.17488537705196272,-0.26546141889346586
-9.144451490509512,3.347864658579276,-1.0066430304125422,4.242907931027261,-9.602788795652927
-1.2896094431969463,3.1572321005055564,-3.131544698831105,-7.939014254586089,-2.438775502778361
4.998025253484434,-3.2836334722177156,1.1978899285782196,0.665198140913974,-1.224487767755102
6.108430497373843,0.3452783297983757,2.9773923050399107,5.869610884918501,-4.98866418307718
1.5148885765016264,7.254404404809115,-2.4617785032888717,-4.001873654302742,0.8334419669053901
5.817367281084895,2.8461894855030607,1.6134409989195895,4.542474159477452,1.4751543433605683
-1.241663712166694,-2.8947328881594974,-3.2568634539378216,2.3937857820614425,-2.1902987818499664
7.687766820196273,-1.443606699286475,-8.579516900405533,2.3035361924743043,-9.614172544303855
5.253669945766135,6.020800016304431,-8.724258817618237,-2.5997575813857132,-8.227392307815666
-8.908482829813982,8.250178148046633,0.5411459161432426,3.1002154160765834,5.596253853917879
-8.31626037514174,6.031002985938663,-0.5339193925695186,1.6517938831761985,2.123425955477927
5.145166259431626,-2.691648961454969,4.765392032783648,7.096415358016561,4.06365820091596
0.5860769032854567,-3.705613110555994,-3.7130057228397817,6.338815799291016,-4.712517786286796
-10.791023890115657,5.627810754699702,1.256380030608386,-3.9251142665074195,-4.76235429426632
1.9569525274592579,8.130874879496947,10.700186815941501,1.8199086991087814,-4.883280229244679
-1.1486533779823707,3.921550869969794,-3.471840907373747,-8.642878717103509,-0.6946378607404959
6.266618872692906,-8.774605857577155,0.7641639619701506,-5.834408682180092,-0.1800071707894304
-0.764688456693722,1.6386720339116536,8.5461269886973,8.674932738200884,2.3824084955629914
5.23694452064384,6.048116384200284,-7.310840696755116,-3.3770990188291172,-3.0449830500573727
1.702990198595689,-3.463547661254392,-0.23715865738407071,2.901929854439892,2.359112593753874
-0.6793366076458893,2.7867791280358745,-5.441991942106028,1.333909213173932,0.5783287386430267
3.2150450015470264,5.407921114055371,-1.086803496435685,-1.266041758119183,-9.491680627523333
2.9079027321017246,2.0323310253668865,-8.452100795056442,4.821573852877627,4.269189457857589
1.1943511975733612,-4.603818533656656,7.324679558220326,3.7897363566173237,-6.386869428646502
5.278911294531891,1.4132239814150864,-1.2572381144506308,-9.855802259616759,2.5781954312550077
4.738464467478014,-9.976086009907153,-7.760644880298933,-3.205233882175267,0.2585035518155401
-11.234099444248946,-3.5831879254143644,1.4222677765383127,0.3383176272659423,0.8290732757415284
5.592587934003193,3.470180574496437,1.9150094257101744,3.6624226288115516,-5.897888627203214
-0.03679579443185754,9.845593085585115,9.153754039614071,7.23664665372948,9.043024334735648
4.242205909947528,-7.5655431251327325,-0.2978713546226577,2.606057259810413,2.743296364677585
7.791339285622579,-1.2605883307431256,-10.280163980920456,8.323965811936318,1.624201482820089
4.728371108074687,-7.274551296044278,-0.28423752018678805,-5.645860736433077,-8.436078409384356
-10.481273150469468,7.523949851749492,1.3708027344745808,8.958605301964628,-3.4161664200870456
5.126773517641023,2.4601258113682167,-0.05453047222927099,9.722777828873575,-2.2134070626376694
-0.2843175339735995,-3.9067507260059653,-4.067049536674378,8.919737859120897,8.649426013214093
3.6820284942974597,-8.730396142565318,3.421378856724349,-3.446421997949207,-8.41057179299948
0.7396110311405771,2.5829880666630363,-4.693987640273521,-9.318676210627864,-0.6850290030207322
4.4496179415273875,-2.149852174729645,-3.434428004325479,2.171068800430117,-3.002976853706145
5.9773261268096745,-8.434594256293826,-0.2918715744364222,-5.422419482091703,-4.928823762177814
-3.094875587500451,-8.668405553358127,-5.538562537507582,0.6242523438121754,-7.9257890160938915
4.279273299306872,-5.526415690119821,-0.6264755615988278,9.110435202986523,6.6280618027640905
7.039513793958082,3.03320405104178,5.501483193951218,-9.070349494392879,0.6685380749960164
3.8034416656960985,8.073592309941663,-9.454892929391086,-3.32007408352351,-6.961467046240076
-1.5730763597188182,-0.09562896550582245,8.471585213551597,-9.631840305463633,-8.678582528410866
5.134161333918972,3.473430159536889,-8.672400008871127,2.4543328069078374,0.21281738716784027
2.701547453384963,7.316048611249201,0.5416874690623745,1.4877080750349396,-1.2858344577597798
5.328162947562559,-9.989440807258184,-1.9301301271787774,-2.5506459698184436,-7.885299111683722
0.9298312271379479,8.928947745754673,8.466089707052028,-5.149156767233984,-2.3585365222687855
5.492093286756301,-1.4298886608969923,-2.193278707491828,-3.943116891407879,-3.9643242352827883
5.337640470277073,0.938459466735468,-7.979209440329266,-5.810766532979361,-7.674361923118919
-0.9511961711598667,-4.222515659535913,-2.619013321575409,-2.0467908389215133,3.800897254898013
6.644317009471656,4.431841903698796,-8.764618687952202,4.278410317876599,3.8745399472842514
5.456334863173865,6.0829565067220805,0.11010428999782396,-6.651332905922853,3.375115652009896
2.758537789860057,-8.655188371134253,8.945702799852844,-0.05474790167161814,2.339148211841959
1.79575464814911,-4.98101984511637,12.69987103476249,-8.462010904773035,-5.8570270394304025
-8.699034346915129,2.102897136851368,1.9159916230350762,7.15091603979722,4.859622038636042
4.351463136574069,3.3875671440407356,-1.5882967814533808,-8.185997865861886,0.05174216685990096
6.209640399219284,-7.9823944587693045,3.960496730040995,-1.7694563953506908,5.774936560268246
0.3462812118930528,-5.6754904349434065,-4.147034549571548,-8.917569924794165,2.915042030446749
2.8176670375407338,9.990920077906566,-8.298994302917803,-8.433050737257776,-3.085889440357099
-6.106851987471382,-2.954940397183412,-0.20600932864426158,7.003576045549032,-8.242984073872572
3.4683293071903627,2.9678226066251874,4.281455716040815,-1.2880784590809196,7.016692963689074
-7.68949135090955,-0.7766205878987158,0.6968509910116967,1.4101866981253952,-4.235510369839368
4.77158073531171,0.3148730206777621,3.479689286812451,2.661434910159011,8.18364936847152
-0.9476996618687867,7.328734813901541,10.594039231455053,-6.9616684544070395,-5.373720828487006
-6.017229282819394,9.407355929640133,2.655215320269392,-3.6138924557232617,5.3915836199391975
3.9868512785837953,3.2051576927762966,-2.770931715250499,-8.555089207247379,-5.455472988889372
5.7619565346863295,-7.7318030364792145,4.419719161010676,2.052335079573526,-4.208011230279345
-1.7717887363129643,-8.378113890951793,-6.959957279525812,7.424229862638512,3.605676087636409
6.108466120359839,-5.929480598791839,1.4797513882368047,3.870882655887959,7.937763448910914
0.8194605189534826,-9.76385907995273,8.680384751269516,5.973457881166912,5.113594966182976
0.30303913698818474,-7.792045725071073,-3.0130583570021807,-9.360213171485832,-6.612367047091925
-0.07694570460557437,6.8198018193296726,10.69615714189436,5.166639110290648,8.945673701362214
5.197697985520642,6.894400305680847,5.946576665782668,-4.651190172632715,-5.563303133781352
3.7255106636976163,-3.330246339284737,0.29963850502307965,8.02641984344923,-5.411612548264431
6.338643598870155,-7.175142025816575,4.506385079788418,1.0823003940666975,-8.56063819939207
4.907280051643746,3.683106780790574,-2.9148142335646896,-1.9995194098158482,-3.2958091775386116
1.713624686893884,-6.422668381654846,9.486102059132074,4.404949951614883,-5.4153058406010395
-6.327645599048941,-0.5165392970960987,1.9893921001684585,9.177321616120913,3.7603232051160695
0.6871953072387695,3.9423487891154902,8.98155223896898,5.875168911661417,0.4874278527335818
-0.5430711963384354,-6.457578567421196,10.906358382813396,-1.80719814934071,-9.773220852445965
-1.0708068243675495,-1.4515723781042151,-3.2469914486925093,-8.848276649869844,-8.641123886758603
7.602944363064517,-7.295734508273021,3.248586183349273,-4.793291976132165,5.778596492148711
-10.199565643919206,-6.1777675357166135,0.18846900398096703,-4.443557545108421,1.3731807879943858
0.1732470387970113,-8.63141208312744,-1.5812471145058384,9.263307377479578,4.5875836341464975
1.1584033518303882,-3.1502407003377204,8.741781723686566,2.50240832850794,7.673054915490997
1.0230027665030843,-5.141970573477912,-3.4671090521430683,5.852537170073536,-9.829375465595565
6.605898623560771,6.610047880568622,6.555447342103422,-9.422792643830306,6.185246530608612
-0.9921596313514456,-2.7476961302177045,10.816672989674055,7.582270153241591,-3.809883411883577
-0.0154716631301696,-5.055498140136856,-3.378683348341415,-2.9892589063279846,-9.55456810636393
2.1066945504298165,-5.272801072706383,10.510468130448364,-6.897390047682704,4.382030376508762
-8.26316594435455,-7.5974444632532006,1.7331196439436571,2.3314503365957293,-2.4255328589395493
7.552928306616076,-5.183791370340527,3.334094001274926,-9.102045114166115,-1.61172847434627
-1.2247550037794404,-8.000237916678191,9.000550603538663,9.60081826191464,-3.544786523127115
0.2911546636655491,5.830729610476343,-3.964341475613111,-1.2598158937506199,3.8490290886341665
3.0203955994579847,-7.815244775022978,9.220836654941989,6.9314925267374115,-1.2498447853375456
2.9870257292215134,0.6685295373237459,-2.133439388656754,-1.9163319519920243,0.16421362830497088
7.569697439827303,8.72501008281466,4.090194304069906,-9.219627141294954,-7.16574451159373
2.9879264218826163,5.146609200939212,8.053823251844005,-7.245330811338175,-3.899367037875516
6.23923587142011,-7.248697040677277,7.121668706743982,2.711475881099169,-7.061273965885205
-8.476720042343873,5.7462585018587475,-0.5725708552087801,-9.011236560442274,-7.352685925990665
3.1009702028320616,-8.62042599791911,9.570361773593486,-2.1923480854353983,-6.5032529454002646
-6.972941042831062,-2.8346602861118004,0.6962134465687583,8.387080204781185,-0.9982105811409347
0.008856454950285642,-2.8114612881515573,9.065236122894085,-1.3841871313638858,8.620802761514717
0.03113613780336444,-0.22373927165172702,11.820651049122773,-9.684487133786238,-5.540381331187165
7.598377156827739,-5.712397055742895,3.3949760737947186,-5.755690281414363,4.982652608170175
-1.1895249606568064,-9.011066795291836,-6.836498459932465,-0.8197850511709,-5.802007068569184
0.5098196693339595,-0.4910884766656576,-6.634360370072834,-5.083761312180844,-7.52317550902724
6.135231149422264,8.261997380908628,0.963195662610727,-0.46986363665443953,5.296495588986955
4.973664367022265,-4.745201805769012,-6.899739388505974,-3.3353168415661454,-5.9912155439295
8.690231269502057,-8.600937722090737,4.802757706917685,-3.170174708037101,5.570128520537763
3.0137547231708064,6.323827544950824,-2.2991916956379326,6.086620255491734,6.7534479409978765
6.838195539254935,9.036851807611459,3.471260314918177,-7.8241330662721325,8.730167051962756
6.81452827348357,1.104784287480797,-8.023663353924666,5.786734749958576,-9.158659845251613
-0.20907207609207723,-1.9468999202281871,8.46301571461951,-9.966946698187474,8.712320820358858
0.6916419702012895,-5.732675596739057,11.972738263047702,4.2743769257567354,-4.862281392840462
-0.8185777413844335,9.003759563911526,-4.488063292246678,4.9779647840366295,9.238871705760076
5.235820227228686,-4.2832015896722435,2.272444513299511,-1.7466819799569286,-0.2773324576319691
5.98533509736658,-5.272768893356725,-10.856206897106446,0.8905478526880106,-9.016058076539892
1.7577487651694983,4.647954816899773,8.243913324356676,-6.103605418733473,1.9611683675141727
0.5645749400048096,-2.5377411902729836,8.46865970972873,0.46353041654049854,8.420046935538718
-9.735506712380193,5.03769224636811,1.9283297553865038,-7.415673834561933,-3.6766111249040145
5.407942025921707,-9.925934869058059,2.302239266875084,8.56995461725663,0.21053844524330145
6.9569407315274185,-6.982906077249078,-1.659920626739344,-8.69628518060042,4.112253531698251
5.759062329350003,6.399878733208691,3.199219095225364,3.8904327965109395,-7.5105387164403385
6.645180090915015,9.789934450672199,-0.7701781166989429,2.8276257088672168,-1.6191235264044739
3.4005119357123696,-6.833817253335397,-1.0140733742647399,7.616695825984571,-7.791693261832604
6.939904302033092,-9.127682523076782,-7.491775656966191,-9.351039393016311,-8.698834628951762
6.557045593658374,5.820210597419829,-9.228697188852498,-3.6362964869973258,0.5530368554798528
-9.652499628957942,-0.18524195353646355,0.5178037322909284,7.78154653699654,7.924011881729349
7.543703633892302,0.9233394119455127,-8.923401068512597,-3.7639965302802647,9.116521986354357
2.579018375042915,5.365660284355753,-2.647557945328389,-3.3628765408710155,-9.434044654419008
5.088249998253926,-7.461579545976158,2.651988457369134,5.190360660409629,-0.2799004298130754
0.4681386020824031,1.1228567994127836,-8.123046092306431,1.754883881563762,-0.3583068319938647
5.826066329380985,7.039866183717795,1.174428148434941,-6.442046319164869,4.537213258396228
6.342563978160907,-8.856043346695905,-9.540414006706166,-2.0778923307182673,-0.06370684004835425
1.8069521586332058,-3.8486817666991335,8.416447074337531,7.143291437938032,-7.109473805793682
5.784197202732851,-4.39122384970042,-7.641963744683024,9.441465596958395,-4.702856140412949
1.278274829811357,2.947812327375029,8.857526877780309,-1.9954068440034298,6.557789387096655
4.928712569292034,-0.410904993123264,1.2177994384106787,-1.997402990278248,-6.225458102838369
5.818974639454681,2.700508837620294,-7.065556559082847,6.1117412163901506,-2.183098853426875
6.590678962965601,7.4040716598536385,3.8545412718852496,-4.7395228072928175,-7.687224617610928
-8.810021134674964,0.6178081593962972,1.934402522782299,-0.8589039342557552,-8.876154758447857
-0.8515160979775942,8.615760021541082,-4.309596777935562,-9.185731824832269,8.815448265254155
-7.462912129001232,-9.187601418526224,-0.19341718792496793,-6.275248172567371,7.059002072149276
4.258027352292815,-1.6618671085956382,-2.0848952130656824,6.310374718643615,5.659614376322539
-0.35869950014596474,8.505154556506682,9.91022940940889,-3.9375668357336995,7.845723600051436
2.1737055157998197,-6.255057206967216,-2.4768895882880866,-0.3081874931970745,6.693150256094256
-3.267463281465746,9.919332269714932,-7.675664969318626,-6.632420128548713,1.2035655817624953
3.27892615542148,9.690467709446622,-6.0226444181953385,-6.684806642061549,-6.876847165335858
0.26445097908798604,-7.473557618427115,-5.997080494973323,-7.707845080366081,-1.989511432437812
0.1836230794860132,-9.002169027126056,9.052590201268053,-4.847137822503777,-4.998611388806584
4.578065082071368,5.077237808341799,-1.3564838300090418,-7.943402901714234,-4.167149645822437
-0.358118915163979,8.787196999145063,10.55124815365858,6.19857583605927,-8.921205728967676
-0.33349397738272124,2.784557453044169,-3.080059495974672,0.7726952453925673,-0.6289402285925423
3.8815978846765877,-6.930350341136298,0.9944522070385178,6.055716911528126,-4.493714273501919
-0.7991919909102783,-2.4290440753430476,11.442831079854905,3.3460749139964,-9.518698623840303
1.141952831396845,-2.0208077889463176,-4.15436115007494,-9.031747337103093,3.854516825363966
-0.3317392507763595,-1.8413485647619332,-1.5171722200106452,8.20334335841941,-4.956579070174758
2.7593945836558538,-8.537455388186885,-1.1966440389782842,2.4529594014243283,-8.62207039694547
3.0470337345884504,-1.611261853445713,-2.9918987938221155,-7.040249255152036,7.892438808126862
3.622075269625677,8.938427622782662,3.090534684654024,-6.183302292042909,-1.7715909131613792
1.1487989141461972,3.415239534361799,-2.076754659264142,5.884390965776458,7.370337667481323
3.8668339165858114,0.6210187259094297,-0.12021791273543148,4.95568901081433,7.829605515138272
-9.247715844517696,0.034321937544547154,1.2878077595365602,-1.3295235457130499,7.992157449459544
3.26007712631442,-0.9307489934321396,-0.5121373499153901,9.417453671937992,-9.939083349038352
7.522406091585844,5.593204668390809,3.2410343447411187,-7.253626444856791,4.337403402211821
1.226176672872986,4.426097671855111,-4.667117457219467,-7.956642683480264,-1.6077570503800036
-8.183698081920907,-7.336530582182528,-0.7331215048245563,-9.309482566258726,3.098633994776998
3.1217161278512133,2.923384086487758,8.794921066339814,-8.194749464602939,-4.627682996509757
6.437696201868215,5.8571636720556715,0.25849896373703274,-3.8195066524861936,8.738319996170699
5.21660287313189,4.286561266645013,-2.515326047754432,9.661894420610338,-1.1996814894436056
-0.5169867405063622,4.939318361536056,-4.465224147671708,5.952487310460821,5.4419138181274445
2.6846785496309655,3.054275647759164,-1.2570596891397232,8.997146013121483,-2.976999232966701
-1.0080279664683836,2.1870598650135253,-5.470016035809857,-3.7837697008691595,-4.238196450772824
2.393609104362365,8.627932416378762,-2.228888731407715,-8.689297867537686,-0.3721570095148543
4.273463861092099,4.725266296454977,-1.92064094111432,-0.45666945980814333,-5.563610043789784
5.381427910833555,-6.81182686526385,0.16805011485522803,-2.6701967820757,-1.679068503804812
8.59050218085899,1.1090082969971409,5.537475174606559,2.6815204497028784,8.454293797259758
1.2593410067402782,-6.541275291953486,-4.189006638257986,1.2943027052551077,0.15022273002620068
-9.6118749127973,8.264972746937076,-2.3423865481898662,3.517822643394041,8.446366218359337
0.5528500444662283,-5.499442610200045,9.368013929316055,4.871046850095794,4.6029868112100765
4.181881563862804,-8.925228984790913,1.7516126031856607,7.111524428450398,0.5244752943152555
-10.36241537952862,-1.3993830700510053,-0.8680684103740698,-1.1582348397429811,-2.8756605659963057
-0.379306570576369,4.335123767176345,-6.248564942102215,-1.586761371407544,1.0212444265779634
6.849518885638551,2.7105659704219356,0.5398012317851668,4.919945495114753,-4.766453549306959
-0.48031100772334456,3.6100623153526925,8.908691141157698,5.146877104378868,2.568670787412316
-8.886016754750486,1.2924888634701936,1.378084879530811,-3.631652568349441,0.660338928705622
0.0372325524220678,9.266246600633306,10.395555037592224,0.10338814506963345,-2.483573817745377
0.9001943106853704,7.204461326464294,11.262766373043581,3.35760625647422,4.644007271795099
0.9223990196632248,2.327350263397687,-5.084142226272504,5.488838037660431,3.1839009183475557
6.819257998148201,-0.2135810589736451,-6.6068715530691176,5.930678111902953,1.2459017186433528
4.811468915701014,6.238383292035145,-8.069716766759026,-0.2525880404719558,7.216913006956769
6.426555800554091,-2.9079525012814367,-1.2641020753091008,0.04455499017850251,-6.972326792141033
7.354877334803402,2.23916968034208,-10.935983667878785,-8.928522857245811,-2.4291793193842537
-1.0502622642664576,-8.954931777668818,9.471654263538754,-6.131478290989367,8.157003136335984
4.171590157670697,-9.732025030624206,-6.550695274994273,2.6856698078908643,-1.282955051086148
5.0761494137846705,6.540208934388829,3.2639434964433294,-5.167229237079214,2.181956973504988
4.48478746900919,-0.9227813259583666,4.042584074315114,7.227316570844543,6.991931464851021
-8.638858922081784,8.239578462045788,-0.8944369551039457,2.9490319502207747,-0.7849119652566134
0.27712641398695137,2.617502688351724,0.3583729529476811,-3.740448003079903,-9.846207466080063
-7.219357254830151,9.0637399022424,3.311277241258374,2.7702317497228215,-8.989978294355703
3.584659857495428,-9.402703915334598,-2.9174140108632374,-5.422482714856072,-5.147116911328354
2.4936718759506715,-3.7449382169717094,10.72540725441481,3.582335520327396,8.167624289483673
-8.390910668511538,8.223081188833493,2.9067456180456395,-4.024584376323621,-3.513185832281687
5.5853234099110045,1.4920020372790592,-1.734596684026266,2.4816105148112655,6.921429117636112
6.764801993253244,-5.794430981429565,3.1594776585082056,-4.921246626763118,-5.093775217576266
5.615541024416948,2.1778481269256176,3.7048480022215453,-0.7662287754197461,-0.6281355456446782
5.731396190113305,3.177588016510626,3.121424639872133,9.420495116435731,4.591973098207751
4.959684241059597,4.551447235380939,-9.326517994713003,4.800974832359184,5.387765450211683
4.469120050170096,0.469505617414816,-7.621741381528883,6.118862472389303,3.3827919049394257
6.159931369408656,-2.181822351227103,-9.770569199899475,3.2839926068635883,0.13116293669455104
-8.270293855244386,3.4238486726839206,-0.30524734079821797,3.350025418612306,-4.017722223273587
1.5563334354261444,0.1401402168064685,-0.3782356582493134,-6.990132207509506,1.5570650979691756
5.461546487916318,9.567483551072172,1.480488832609074,-7.883441969789573,-2.5785350752467213
-7.766047804982255,2.628629049551993,-0.5842472306205142,-9.274250975552636,-7.502515191898365
3.0186071582649476,-1.8138072470972837,3.1784850410486873,-7.56098067066691,1.7431011321073946
2.2943482497357146,-7.821044134695088,9.609695061111966,7.630157743984633,-3.830895720277123
6.834759941713786,-1.5380100823551874,4.551025302542904,5.330671866165606,-6.313802123111206
4.224430965341589,-4.596023794297086,0.4760195503156286,-4.382581984039417,7.679643499255437
8.27991581440985,2.59649985078088,3.782783507308752,-9.622254869631654,9.175025738252419
5.647631528925985,-8.589703710170724,-1.87208150725169,9.948399399929155,-5.3256305243349145
5.341053453008711,8.292246293676303,-9.411977673470997,-7.309424986387434,-5.2400975884560825
-10.308174264351836,6.841968053107223,0.5576129806339324,-8.29162037838791,2.0461494000842926
-2.738617168293744,8.151817306810411,-5.587090706607845,8.148461042898102,-1.2736906898228444
6.224995844635077,-4.4890521451054095,-3.423583941109518,3.8919059290266986,3.052635012620847
3.919924764254241,-0.6547969990240432,-0.43014305959613397,-4.929123059341971,-5.0009789085250205
2.349283623434299,8.618981412473044,-1.5075305517507602,-9.800691528498707,-1.176218196799784
3.4365646415258855,2.87231258470114,-7.887744007587263,1.3275849262773605,-9.674788708116186
-0.8859778277700607,8.923170964572012,-4.109344640680115,7.366071543783747,-7.726147813873023
-0.3309180060868967,-9.2027695284064,-6.099074280246967,9.376865230411532,1.8296818922900293
-8.646577775315953,9.84884053290234,-0.908272476645827,-4.968671703927672,-5.953606779221399
4.297718358973405,-6.355219027941779,10.44880980748739,0.5572838078902329,4.62724407822969
1.212691299192104,8.468509798697031,10.238431261887992,-2.022638863657516,-2.6414929663619695
5.718879717013941,7.004049188241805,-0.9024941082254667,-4.663505525218086,1.0144351047438942
-8.272204063859537,-6.384383358637167,-1.5099934691739831,-5.299739101417207,5.4703307884859935
-7.886967384588767,-9.962319562182238,3.0650991617338024,-2.253508845623447,0.4999990225266018
-10.023543060930308,-9.884919882594797,-2.3865864131628047,-9.445561519357806,-2.8196731990572
5.340100914968353,2.981655768416971,-9.139299958341422,6.14271598414442,-3.731122013364443
7.0692113220592425,-6.1895205324777685,-6.664410921347086,-9.635139295019968,-1.9310771517767087
-1.8194786234285878,0.42908873999178354,-5.1234222801848315,9.215742935017005,-3.4782020767129396
4.8012393871367385,-1.033620145156636,1.9982714361898526,-4.614745034612177,3.5512493978991237
-9.941071645590004,6.015039594512565,1.798594034626937,3.364721022589599,-6.877130305994528
-0.880725280049218,-2.0497884921591902,11.056434652878352,6.343917532917587,0.2912764608162366
-1.0941806548762287,3.782021367620663,10.871156951278971,-4.636634402197986,-1.340344252051068
5.437312375380944,5.262050518386234,3.052837457191438,-7.5351460850934,4.2639574617605
-1.5212015190910826,0.3297218385621843,-3.3542781545613156,-2.3718565981905044,0.8037290273491173
4.255191955372411,0.6076625099135686,0.5642725706855731,-2.501882198592826,9.4999072721529
5.555113409418023,-6.971632866406048,-3.3725775116278705,3.9746401532675293,-1.188694739958267
5.394909036969515,7.918850352315651,-8.622648057960063,-5.986336539795774,1.658493419422955
6.141660846228932,-4.647471812136141,-7.740896088681827,2.1423927269331227,6.9961347390514526
2.5219904906011634,3.060953073344578,-2.799561415275028,-9.349364696534536,7.061921588170868
5.385197873846676,-1.8459072022948675,3.155338538187899,-0.8274643119393126,5.353400841679063
3.5490181806841576,-4.788485403201454,-1.7887836150952299,5.31458537931587,7.227101737234769
4.213058859732467,1.9933849650312663,-7.8505802910738405,-2.9060272085637635,9.607448174173467
0.18198469020269567,0.8179589213310585,-6.516496306628499,-1.6670723622825268,4.894291693193685
2.568327798213735,-0.15695380085311328,8.683961058099019,3.5616034462919757,-4.612420708577794
-10.375638720442252,-2.585484458354303,1.1631334312591561,2.451112356225531,3.4635817005897014
6.048088373207142,-1.8810288192073763,-8.905810012302029,-3.5962863529209876,-9.91767037735547
3.1298012766885943,4.556054187105454,-0.032280765692783486,-3.2279111335765016,2.477360814627751
-7.48898474628589,3.5081137124715696,1.0967386336675564,-5.318819500067413,-6.253612245624702
9.484648199243262,-4.724468998561737,7.130288905249195,-9.782128665405887,8.630125813460051
1.4674932970215857,9.887131974713206,9.62247493869192,4.784838542255347,-4.770703636546221
5.954328614758083,-5.433462853380247,-5.605805919022945,-4.043892905865249,0.5774973536122818
0.48871794313393757,2.930272655503156,-2.926064502857279,-1.9450027925935522,-3.6405785823363246
0.9421453729419081,0.594605099999562,-5.95842419154374,8.109359042286851,-1.5330336810759597
5.256071305607687,4.003549670313962,-1.395095893951126,7.219248085499874,1.8860965903956028
5.825481483669858,-0.8479705211506996,0.37571116998663356,-3.6141418224010096,5.556939196924853
-9.186550060439396,-8.082408399605852,0.6470205756889941,3.917212966909995,0.015654234628357244
-8.356998907547542,-2.3226833268709246,1.444725367884565,1.827135370577862,2.3045320894443666
5.651001744079924,9.530254452749535,-0.9927791024639362,5.974085430321498,-4.955287263268908
4.17390033881442,-8.373487217373869,0.3779110707405806,9.223590909770426,-9.03266915713328
-6.293432880134402,1.4606833797576897,1.5543823094184752,-8.129641355600949,-4.287616288208076
0.31328690391459363,7.379245611583084,-6.126667449468222,-0.09832789151128907,-5.722202218255972
1.535726016501132,-9.113284066329042,-0.9429965590598113,8.613502990396778,-3.1969381870968654
5.403327292018579,-7.740198210715816,-2.6467911454523936,-0.7020682552446935,-6.356059709974653
-1.7826350959833677,6.927214651458176,-4.728726514929105,4.352341741705519,-8.47259598229643
-2.6982210401689195,9.922208294512156,-4.874149496730114,3.095606456569879,3.09462769773101
0.16509061402726036,4.567755964979591,-6.582297216264969,-2.28697332225191,6.20007802698327
2.296040695506293,3.141943095337618,8.621250215256202,-7.411981992793932,6.854889641740353
-9.800054649858911,-6.70876419840027,-1.846004493353036,0.7243160443855743,-3.243280738445666
0.11139700358448087,3.168303773963972,-6.861855791477835,-8.58809434084784,0.09382778405196035
0.3735699777596321,0.27467466630072934,-7.540710790933408,-4.720134656581054,3.7502133598779697
4.949052677319925,7.571319909935131,4.076999943477977,8.028296370714415,-4.150949535067248
6.401519879291429,6.677461780697197,-10.950447596629616,7.946013650287867,1.945989054287324
4.843322114352885,-2.5961552675016986,4.5087834783288425,8.88996198180256,-4.3245150823289595
4.921620671219873,3.7202161987087337,0.6648491297257868,-5.5776079309389655,-9.673480442888536
-8.354236464981504,6.402393024823663,1.059164475905834,0.5722030189164133,1.955579002749177
-0.022013347057508792,2.262582431354872,8.569745611997776,1.2846350329546254,5.427953951541127
2.42075546554083,3.8068836959047587,-6.02049694714443,-0.10099094464803393,-9.934653504035339
2.380617481928101,1.3243928743086144,-2.086447607610964,-2.8827209701964147,-0.17863400591424394
1.2369193636868605,5.210065355211203,-1.8319592736442258,8.656632309078482,-5.790687158748553
3.3524653812674003,1.6758695196975388,-5.683750704180138,-9.057129576503486,4.055699942685155
1.9439378414762363,-7.303101006603083,4.403168773167378,-4.002075833778386,-5.038805500455997
0.8412688125692178,3.922475002610927,8.136938815657375,7.958626520689933,3.5329599272142804
4.914576633663474,-2.645004826462758,5.832443129595834,-5.34572354890363,1.860045154550452
6.776800631129085,-8.967183380919774,1.0797969584733833,8.276894083929879,2.451672424527702
4.693246730846427,-6.3471236641294215,-0.8486733375092643,-6.258664741744622,2.1108942419120496
-13.442250188087808,-8.094839261650321,-0.30712481326991226,-3.3251293507747537,1.8096975145039806
1.512238866865018,-1.1301236934144967,6.948860748089921,1.6608560695872896,3.3012068430026744
4.329491889110582,3.457253869159569,-9.059413934563201,5.5369835652270325,-5.819947732455835
5.715853455827167,-7.133837917121011,2.361419795753161,-3.2859297821600126,0.9245894184447163
3.294222400483581,-6.289359697470964,-8.895496081740983,-0.40202028788391964,-7.712712533634907
4.614380262927183,5.301547369904531,1.957463043273573,0.8408855562702122,-3.815528689411316
4.622160609872662,-3.5338453359439015,1.18610184217657,8.408947897174542,-4.561682187806597
-2.4223537828818515,4.842934730849915,-4.566832061034742,2.9578189957095997,6.699268871883028
-6.106248599380169,-3.3874487121943826,0.17020809621989963,-8.852211403569433,8.582789663645894
-10.305087307700258,-3.7664536294043245,-1.4083682744965873,-0.2396359692797727,1.7612865121293098
4.734337579423517,3.27949453941541,0.7380730523318682,5.647994152532256,7.8320686436794205
-1.9493156068881043,-2.276499642768723,-5.714892760573419,-7.641560691036924,-2.07191183681958
5.060876170651579,-5.006391681977154,5.107329500136061,0.3742366178802996,-8.170787294765663
-7.602221667116121,0.7295499441963251,3.567478914990548,-3.5892146451398226,7.2842933854406375
6.724159695292436,0.32465645792495224,2.1596021559918177,-5.475485741101613,-7.289054947465368
4.819669893079954,5.031789714142327,-8.664197936036894,1.1966005740590937,-3.2718133979379216
6.59618137223886,9.823019750838366,-10.460796215892703,4.235369469951614,-4.332413002286284
1.2890994561668037,6.147151878139052,6.671740211962744,-5.700242374104945,2.2517901846909556
4.937384244472666,-6.05505846087425,-1.6974903810922803,-9.291737683712585,-1.53681917091747
4.773746039451137,-0.4104259613136012,2.5567237773719995,0.3037447838553007,-7.328922224759715
-9.894228791055257,5.559802004162645,-2.216326172899346,-7.9656040163782516,-8.988235252017951
6.705884011541547,-7.052729135069766,2.1294537680026284,4.0879011217642045,-5.465198088207459
6.541453357264363,-6.824649649709606,2.7782515766508205,-0.7525098112949244,-6.548293499796472
5.912958930267194,7.696855148980106,-9.255292715477324,-1.6867821205447449,9.281617517117716
2.8759166775212974,-0.012315421169610374,9.11775239550282,2.971520154235037,4.518371085365256
4.109243889584806,1.3853120427389385,-1.0882489168323703,8.142004738672519,7.179169264909142
-6.263984759129354,5.898068509119405,-1.0274891729979807,8.38720861097536,1.7012179315610414
5.188149478858931,-6.287389882738472,4.076966752382799,9.395663121076112,-6.351291664743465
0.7876601875821404,-7.845616880584942,9.403229168021959,5.17344572500506,-2.644818618073823
6.930851422552326,6.920506624475895,4.139994427441044,-6.229620837780865,7.117481736751241
-6.014301540797981,-3.1925070861590292,2.06488814297316,-9.273874361421967,2.0122384380729983
-10.584187132477394,7.742918271893107,-2.5867617524786946,-7.329295819998752,-8.91017200276476
1.8161981147833792,-8.933980962413406,-1.4591930360245469,-3.3981445356135627,4.875193862592873
2.159131740064338,-3.6071331952159547,9.907576035686732,-3.693841706551659,-1.9715969852983566
5.908059785978493,-9.424431671618596,-1.5703748828139108,8.038719199915644,-9.983883761828167
5.627417836051178,-9.549296436134915,-6.560791610522024,-7.73645520047155,-2.9690530218521545
6.781132705977789,-2.283130445117669,-9.016336681518306,-7.422383085636963,2.264159968444723
6.064545829092025,-8.220372735137328,3.9893632492239104,3.0242908399857207,-6.239032001679698
2.8497368947094284,-8.462961833558957,-10.090811553896915,6.039016547556315,4.906819189583834
3.5935950198687516,-1.2146912389345736,-8.341601825623263,4.731031949778849,2.804474329595015
4.683240775662226,-7.795105785075387,-4.182233426436719,6.3243684269652825,-5.107908546098587
5.517090565768475,-9.868139483030165,-7.579623382648428,5.716603933906935,-8.786110490325722
-0.34859437156810724,0.0876497304114725,7.733811361003859,-3.4388408182356027,8.493206875562485
0.48162958167130887,-6.937949261228926,-7.226198616041573,2.1861967002129283,-6.096114493166171
-5.768090125265529,-5.659554571690966,0.14981596538385258,5.166962578174527,8.806370114479861
1.3448904584817982,-3.3106839779261987,-2.623788631707166,-9.466150361852325,0.8497663861210079
-12.07431572998249,-2.5659659290657526,2.333394653245842,-8.50063613010078,7.7318035704114365
4.992966267982157,6.866978424739315,-0.3768553485004862,5.578697041960245,5.188577866392404
3.2954292160667027,8.438403623250302,-2.352899457668718,6.1375487817192536,-3.4414890726489205
-7.641605673700278,4.729827791640435,-2.0774827430243237,4.182652164341453,-1.2569657885929448
-3.1280290744878316,0.9017480302898164,-3.8395329410021253,1.737956688900745,-9.176739119325656
-4.360946465194494,-4.804102317139622,-3.1959450947893453,-6.666311375142113,-9.055275193099954
3.2241128211933914,-9.963504127981047,2.0411239796159126,1.7776307076689424,-6.48219780677922
-11.169367577655041,-6.58645321527735,-1.008057154082896,4.282265226543823,-6.065661937190335
2.1327427672277346,1.7740692548379737,-2.254642997952976,-7.8584054194177995,-7.194518907350798
4.60513683530208,1.6815763978399296,-11.57045641720262,3.2293093375653097,6.924582449204408
6.0158566988204525,-4.351831978844441,-1.544092328234361,-7.218554964044468,-8.545456697700349
-10.551641200195384,3.6194361216296755,-0.6608760083258831,-2.083194054584059,-8.990594196041625
5.552612569890181,4.447769571434836,-7.735617523758629,1.2947654241490465,-6.779749474644275
6.903677164132253,4.556130880898339,4.0331576810890555,-5.390985808404494,-0.6839386996510903
-0.45509988128181167,1.110148454758285,8.556400300867924,-3.387660528601451,6.7692741913446035
-11.310681942502388,-3.522268024062985,-1.7165136738255822,-1.2500738569054768,6.430520063143689
-1.433904609953319,9.488095268124756,-5.481746127471984,-1.2078814874611439,7.695966972638338
4.445955537518576,-5.241813280667809,3.699850620842145,7.531333613600612,-1.3587550080637705
6.189074545732238,5.042897475097325,3.391569506167948,-7.360731581586373,-4.693055599893334
1.6211101721666543,6.631201341216144,-6.1669471210829965,8.429792210452462,7.822795272245063
-8.034202162302682,-3.608744156852106,0.3905075402050944,9.978827439422655,-5.695713615275428
6.901934838683031,-6.203252753527888,-5.083913732581464,3.255112012858042,-4.100369259201633
3.859595239706451,-3.8965748147644526,-9.836773012230935,6.670328438909589,-5.3958058074009285
-2.3344289140248513,-6.989098193974854,-7.62971666237576,4.389537799387689,8.698931111065143
4.789422743423865,-0.3003794622600715,-2.8859519597869734,6.808048022017566,-7.491607983737268
4.206410532173394,-3.2707373756098352,-1.3362056313172248,-3.164246000950466,1.1304250237696216
6.676210985072048,-1.2243876104889306,-8.548342606660297,9.422850534312865,6.4331502437052315
2.165903191844709,3.145646112983014,-9.081675995662387,-5.791716914537714,-8.461111741354815
-0.2824773322763682,4.84199851959913,-6.057633065459664,9.374978171710126,-9.813146501735332
-10.202945026407516,-7.800540365256032,1.5548437981303533,8.531386327795602,3.3643223179713075
-7.2301570464433915,-4.2465884881050275,0.7327576244383252,-4.2209203916332445,-0.028759446918213527
5.446337417023754,-4.617557154508147,2.589197644822117,-5.3201994557887105,3.4558822770914777
3.9516009287439857,4.397368636735724,-1.2247157218513525,-9.758999367765561,3.9182927039709288
0.29391430324033235,5.933970564316951,-3.8646318930583483,6.926540839586561,7.82177871590677
-8.70647845377022,7.579649606317762,-0.35245213045682616,-2.3681119163901005,0.6865843223112975
6.602503134916785,-5.4085428869599195,-6.179464762431122,-2.2236216247897307,-6.639508119379927
7.4523167927732565,9.604309722715957,4.804623805571873,-0.47095026379660254,-7.336885874241201
-8.209112928648981,-2.9979464452226807,0.29419892362648675,1.5359990961563703,-5.875613732188691
-0.4578664161398769,0.5218582348378646,10.04475126252131,5.038289547769644,-4.7799734491678425
0.5048680748764505,-5.927898965370626,-4.046569924350171,-6.807977844833482,-3.4320824131628225
-0.6511144529754276,4.258183085128476,-4.892898160297768,-8.623506371995589,-8.437058414072345
-7.905298130032946,-0.04954341524907413,0.06848801789881767,9.76483510682553,3.653281811503442
-13.174058630101092,-2.225115581025099,1.896563614807637,9.532794509016252,-7.1764294767355885
5.93012448925543,-0.7639364553482118,3.22466680066806,8.781149228065303,-3.5439642451680893
1.7963898729205097,-9.548737916329939,10.525208412014521,0.16908846640680864,6.854258505056272
5.475805139751097,-7.749684968871464,-0.39339882256478376,-5.477100627842859,5.241608005949985
4.168409464924146,-3.9298126891924268,3.9235739687346465,4.875609071883291,-3.215534365660049
3.8390009983820383,-1.308032653187583,-7.369267262548156,4.9474980662122885,-6.2879917116922535
-1.6492299633050327,-1.1698315120141505,11.584646964311219,3.525465466401414,6.709495695131967
-0.19062588892864651,5.024987487859471,-5.115827638885565,-2.7243268825086586,7.862387960962579
7.856079891262661,-0.809915853468139,3.8786955414606212,9.24970486817272,-8.688903817255515
-9.718589766244225,-3.420237615472055,1.1852448569526333,-8.178053634542561,-4.8341221289181195
0.9615361619015961,1.3672407436814176,-5.2365937207783695,4.151978257241167,9.65613741593516
-9.192722127446348,8.249171318130749,2.3146861977836575,2.6142491720506396,6.873903604880265
7.207081042165536,-1.772982223834127,-9.587664500327708,0.49617326597784484,3.636316458175923
4.579018947338227,-8.582275254808252,-0.7652991867312501,6.011063407731289,9.364846452159835
-8.431505112098069,3.6109162428239543,0.2652972044362326,-3.5957898480230828,-2.1845527891173067
4.744167439024547,4.364715726005638,-7.744331416658302,-2.771063291954454,-2.1897937925692146
1.0102743302966228,-0.592456138749089,12.745000653108303,8.511120451813099,1.5953258546125113
5.188516705183036,5.214141257561826,5.757628727676323,-5.917281348032681,-4.535990885285399
-7.6129564900791475,-5.2850162001964085,1.8317405551818193,-3.6929046728510144,0.7592715520454654
5.174422990689222,8.797922126792347,-6.2273755391244805,-8.446952400519157,-2.988800765943127
0.30788765797563167,9.290276231552482,-5.758642192621444,-4.612303931637454,0.22969365029084088
6.1567354300283395,-7.434547967238849,-0.8910158562768595,4.7095563279689365,7.62065272476303
-9.1198272512448,-7.412967384022247,-2.6159415056221795,-2.4628437554942835,2.3342257962297293
4.640354225569619,-8.195883339505324,-0.6856218068308834,-7.857753383379857,1.7185350815039442
-10.76180698489966,-2.4085678201500276,0.9963790925460341,-2.6131310467647983,-0.40488896604470526
4.661885527402001,-5.418117276131332,7.663221529833526,-6.494882696191895,-3.2807836196242235
0.5170024276689718,3.142514248658113,-4.887358082343398,-0.11993122270296475,-9.736461157949778
5.976596141763248,-0.21297161654522334,2.418302887516253,0.9022350567801531,-7.65895714755001
3.36492962041246,9.586824720019383,-0.7895948154138158,2.896889023726777,6.459738785976754
0.12095088581833946,-9.690323868129664,9.25871136151921,9.986220054260023,-5.383036351827439
5.114662072016616,2.288541603460626,2.962131618751166,-4.129943176827629,-9.945291359030652
2.3412148939068635,7.619374565631173,12.146759084274738,4.600299709420812,-5.289311797625224
0.6687498960514958,8.145837301484594,-4.232951957497209,0.8041235289556408,-5.215267245482096
4.62910988614307,4.436580374321597,-10.596252940656836,-9.31385725538722,-5.083437246148765
2.3738353453818637,1.235502287000811,11.837986026863259,-5.103178968912985,-0.900843537161613
7.530189341949302,-1.6363304538251473,2.243319481708375,-9.533177207615367,-2.8107387004560085
1.9421452438080393,2.1279740960016476,7.346371253950558,-0.7484841137549729,-6.326067929772514
8.070247654370656,1.9819484094456303,1.3506169981132663,1.3602424492459324,-1.644513747669329
7.120898247993628,-5.97955923792409,-10.998929477977988,-2.1558876569114815,5.000480201910591
4.098165987654844,4.777848358155996,3.0715569061237766,2.820873134365879,4.225071939144769
1.6132192475243505,9.464676866508881,-6.911653213016862,-4.7861944333180855,-4.2970375820860784
1.0948567279647787,7.967576691628114,1.7029652053863105,-5.102737094350092,8.161745493074498
4.387279322508552,6.68042902461017,-6.850224072936034,4.489372230389787,-7.818774291334365
-0.04003209685157305,4.8627512384049805,12.26275683316221,6.437823258869418,4.502960264231641
0.3124882911838318,9.202583674278792,11.542246712386202,7.364696320034234,9.662834080215688
6.608578548172432,-8.80598135794825,3.2287697028133096,-0.8226032042305214,2.722215834282263
3.2893952718359087,9.006514244162297,-2.2140031718020783,7.7581332634015965,-5.859576504212853
5.342242501848269,-7.368460485946069,1.2491089292175692,5.503780844728075,8.843424856690124
0.11448020009801252,4.488318877324463,-8.152434511408519,6.004221842136644,6.438305779504805
6.494114855823805,-0.20192298082594995,1.5964358570375268,9.341419762255228,1.5704306110714743
-8.100464831233852,3.01483287207299,1.6866748353464043,2.6521549214311886,1.3031987968847112
5.401462369663545,-0.715865889952191,-9.884252883879268,6.488156302574023,8.012285400357907
4.023350628189233,-6.106954743239747,-10.264222095908131,-0.8390974470313708,-0.6414038298268032
-8.536442329384261,-6.290704557022013,-1.4258265334299467,6.1978430485541764,-5.875802341799705
2.3043878661863566,4.67616283618446,9.862462613491468,5.293631798627828,1.2087868754057567
7.48167460525482,0.8860551488880741,3.2553867776449485,4.291067359997747,5.446799595907644
2.6080287758262495,-4.651730714087194,-4.844288755209232,2.9452376932082984,-1.9720857299154524
-1.3702307895322305,-2.202152722801407,8.113086500326023,9.3014828226158,8.066026375627551
5.494384209106837,7.38747854582715,3.455252596906755,-7.072391438610035,8.204072672340988
0.049837900770388854,-4.428853802377528,9.680727479044497,-9.991849041130031,-2.8891891543907366
0.4849039737422872,2.55652811121735,-3.6554713619936616,-7.37196164876816,-9.080317551192433
3.994722944235865,-0.28181764372486917,5.838455411192644,2.4320960228086523,-5.877160290405876
5.514574669727182,-4.193959828181752,-9.484301993584968,-6.881969833199624,-5.1593539306165574
5.2639506101340405,-4.594582058206189,-11.126991762640392,-3.746796799371488,5.642320271965907
-7.79330138171971,7.564439494174714,-0.04602439426356578,-7.077315065763852,7.743927488923244
6.2245826722600865,2.1524242000325486,2.3022284775806794,-5.254184763340661,-4.801092525807126
0.9990261379940681,-5.355175904062359,-5.4121420043296755,-6.470441537962925,-5.880356843388784
-0.5879449439284787,-5.719469656548652,8.19740646117729,-9.129682019791582,1.8625633464740243
5.886837393030671,3.656298155639636,-9.699454582764126,2.14681060526142,0.9170038948218551
-0.42677249965677566,-0.24137386963195517,-5.1378249586978075,8.975859512641403,0.9035062724934768
-8.44804824328563,0.5116465737578686,0.2643974642830041,-9.906475968625356,9.330828752376362
-0.02586603111769281,1.3264741710956969,9.346669922112731,8.926118789681116,0.05427379307992197
-0.24624144860862796,-0.020876413984288078,8.617007686780127,3.1134508741257765,-1.4278477605652427
1.4167770743469605,3.6575210191340073,-5.001593883142141,-8.387989543448413,-7.189645714879054
-8.83297577130939,-7.447042830955539,-0.7985634963985406,-8.59751706033267,-5.697630384371832
3.1490872784232256,-5.703193595382212,10.640760303928698,2.4737648821906113,7.396962497550099
-8.513062865042265,-1.7361043502186995,1.7722780070218285,9.972073092783955,-3.955989748904221
5.699321434905182,-1.345083189404793,-3.0009223967211884,5.286710304431583,3.092996526295355
2.1621143242647363,-9.095271819121923,9.283610501912458,-3.285400883467384,0.7911709596004783
4.03856670788788,1.668174929690382,-2.5593827790517407,-7.431023259653317,-8.295875466649672
2.5016461858337937,-2.9218777971824306,-7.738620294604056,-7.830578206490866,6.284922380021364
0.8857268574580319,-9.964513020897241,-5.721845228135386,0.5613425356993922,6.431378281142845
-0.24687162402005147,6.727065045750244,11.242125585920624,-7.57036654349482,6.737805122545591
-10.79995075553715,-2.9678333076950842,0.13094104495005912,2.550715290948551,1.4919767672499624
-7.099872578787301,5.062007765076942,-0.25012611315625377,8.921756310630474,5.589845575688807
-10.275799294773512,1.7033588576667125,-0.5851255989613073,0.023689663986326437,6.1961513150430285
4.714141113750332,5.5891440673751696,-1.4977396721691023,-2.4890732174761236,-5.296027112832633
-7.496692280842704,7.267171954393277,-0.337820823508409,9.775620263749136,7.611405061646224
2.7388210270065905,5.603835018331026,-9.027061915192625,-0.38112456687890983,-6.387836313223623
8.169331289429557,8.134466620360605,3.2952360545737016,-0.6842172460385001,-2.73321526173425
4.630203609255654,-1.164718408315773,1.8131725275369805,5.057057036481217,6.645039076110258
4.306107229459963,-7.873470387233481,2.303887791189851,-9.652505251835263,4.481628945145635
2.93135656536453,7.3528929390639135,-8.763117403045527,6.6997151156292425,7.304718188879022
1.211969145856718,7.275873985266294,10.071111274603842,3.0683216918033036,-3.553679315765004
3.3519933671613766,-2.38259064007019,-10.34840456782148,5.188036996539767,-5.136454144269882
0.4734785881010375,-5.702903065920573,9.642360340964713,3.281715766490043,-5.625196506079715
0.9052778249973816,2.935111994527567,-3.5921659582318872,6.4286557530010064,-3.57141974044775
-7.865084089643858,-4.286013880471302,0.5576330227503207,-2.734451029632914,0.08520507575767766
4.197730990504282,9.66047966847536,-0.5649955665016285,5.761468400778881,3.1092275262810602
-7.271677521674323,-5.930224596144931,0.22597046766739526,0.19914280500797332,-2.166918895054568
7.901031525743408,-8.313448531861404,3.4746601226771117,4.646023806723914,7.963317922030136
3.013253122196219,4.693035546987307,-4.573406805362001,-2.880555672842748,7.775675760631124
2.693996381254065,-1.575860296256586,-0.9683320505174466,-1.2744357937556074,-3.910380996936671
5.692240394322313,-7.881823768438265,-6.283276553139005,6.231143286272825,-7.490425723353551
6.5350777055425056,-9.097098339373414,2.3806929913016583,-0.9172380822787787,0.4437999038823577
5.872726897224443,6.909135463924809,-10.3241201281122,-5.479193343322306,1.189716325128563
5.2574968701678415,9.421938162037101,-8.803075969287358,-8.35007052644115,3.7864074305150623
4.04914295989694,2.077090856033605,1.6246441903308289,8.789261111705798,6.2876129365556785
2.7100726143368643,7.016429219946978,9.84276557889582,-4.3388377623062135,7.506684792535925
4.914720620679108,9.680343567118477,-3.1800601971197215,9.275817970451758,2.7646904765907436
4.852860507651824,0.325903509911349,-0.43697363392141453,7.3757850794791615,-7.583912532018672
2.2921875016908335,0.3272770357295194,11.4483593431924,4.133154920242495,0.7612351704878613
4.474777240884004,6.9677498888885765,-8.06367598562432,6.4627778795483835,-8.520278323105334
5.280569668603149,-9.695888205984332,2.7804980874484317,4.715991326713066,-7.090672566360167
0.5959067039195969,-9.305965593519423,-4.766019659712566,-9.054205590812227,6.263596280816934
5.016733897754117,-6.245030805842404,3.0971497775347467,-8.017113284261129,-0.6858058156260682
-9.581292072396224,8.393256135270317,-0.3582566256575369,9.652745501088784,8.103282914801895
3.5196124260913653,-1.5159856092761999,2.2890905320637454,0.4286652579077632,3.765651516254165
-1.5621096254117983,4.225644639335881,9.96261297510535,1.0950888319135004,7.219599942185042
-6.814146801034324,1.82544511437297,1.8176782413859722,-3.5162019358717327,5.106745533236266
6.256132958936021,6.443844404469495,-8.751875021248436,-4.508563394932601,-7.977293153530414
1.0685047722117145,1.7468844073992322,-3.15629320855337,-4.615919973200899,-0.7761252993078553
1.6947378604442176,9.396313478266624,-7.412212695930187,-2.161440802978623,1.9081375203010698
7.1378429034554784,-1.8363837326099048,-1.048817436331434,9.050426967158629,9.881340200186116
-8.318791079231795,-5.511072610841121,0.6583494401578639,-7.164513633945777,9.402825894528391
-1.319042642127111,-0.35005378884073224,-7.573122203570524,-6.708951532081137,7.420712409633939
3.0874742755864224,7.30064459520192,10.687291413531828,6.7590197011494695,1.175160331034462
6.65153717899751,2.2653289769788305,2.9244778112733716,1.6310973688811181,4.6302816609894375
7.569825613259528,-3.993468299629752,3.1259773306921446,-7.277964299298607,3.8095871243897648
5.206341222014823,9.742636575022182,-7.715885151225729,-9.053806968498137,2.2967684252269276
7.442581552345647,-9.086920769941383,2.725992831818617,-6.562370369645809,8.13964014806788
3.422357796082431,6.320920013947667,-8.541913257311824,3.1131900306437377,-2.8810848380173937
5.74390519313669,-0.8283932504963047,-7.014194486350551,-6.654376681140432,5.398441823052684
7.253213044146788,-4.816275839115251,3.8820107820935164,6.523404576683383,3.240625866064322
4.785333998070836,-3.182103400521255,5.338207359740961,-4.298348307110526,-0.3947803622276531
-9.080991018391535,3.466074988441413,-1.485558460412022,-7.213876953740323,1.0374198418866758
-5.4538459808209865,-8.298094516577022,-2.7596150314871997,2.402453812007842,9.555600424072853
5.742678512159746,-9.74199472708331,-1.4289304456010576,-4.46492143450638,1.2764884900650344
6.532253195524016,-4.417188782782427,2.292181158218103,-9.204725961543915,-7.419981727065103
-0.28822036385937777,9.959207778425021,-6.484458499986019,9.943724476651685,3.3487480533374203
0.6316481668101736,-1.9743617703097414,-4.301406716492459,-5.468055743873643,4.166206407099956
2.9824101690098557,5.5412491950604466,-0.6002449237530904,-9.31088761552079,2.305148060594872
1.9737238000346338,6.734063875399723,9.307402844012497,6.426893280709788,5.196821338091549
3.0482820108437716,-7.5730205507282555,-1.6947217291381969,-8.349925980785391,-0.28638527870440633
6.700915721368332,8.722288556341983,-7.975872889288109,-3.7182230162988557,6.196028115109883
7.355466020118071,8.577139295036808,-7.878987453906532,-8.541940503644398,6.329691809624251
6.5529951332712715,-9.228541514483577,-11.33995752895415,-6.126269665472419,1.0135731630830698
0.03024784153679426,-2.245601612586386,-4.362477995470811,4.512589790452354,-7.084350753590463
6.372008306959618,2.9344135110831804,2.626003219600307,5.996385865367396,9.687276527642435
3.413187792233652,-6.335797809093693,0.7741646707241272,2.525657576086777,-9.093825919243866
0.3378611897876899,-0.22564685051725064,-5.7225824812228625,-4.326189258465584,-4.693444125127739
5.328396242923767,9.211872916358573,-7.212734349305553,-8.958218712236985,1.1371618095188474
6.20034562955212,8.951041824612837,7.376649760669315,-5.155399859541077,-0.33297868783332163
-8.519245710312633,1.2039968026063104,-1.131485840355229,8.085338699849437,8.58953576478013
-2.244255819301084,8.941507536823337,-5.403663619863186,8.428691678037268,-1.6830582183292346
2.2378608309636654,7.2370569756981915,-5.729054525872906,7.564777785223448,-5.387916822052929
-8.475553806409934,-4.33068168277174,1.1173131529367841,0.9746059137655685,2.1204386219867324
5.148633763839613,-6.025524605057231,-7.5841419848060125,-2.9201804277330234,-7.275510956337852
1.445143876167274,-2.7291388254452764,9.008694197461779,-9.873488800293993,7.035733280886699
0.3918925435672588,1.394769103030555,0.9831163313685742,-1.7551372214193783,0.9057500302981971
6.107743603916977,9.555066525515258,-0.5445539762508407,-9.18644882773052,6.288498990791304
7.0023933951489585,3.8997732702155563,-7.566887286695655,3.4688157118145106,7.758137497787271
-8.978173695777457,-1.3488510414984134,-0.9313082419165157,-9.941347346048659,-2.7712479225168902
-0.9688389025634643,-9.84541261789837,9.268548268148894,8.903721483912847,-3.7019944079809637
-1.268644802382458,2.3823580584033444,-6.75275805718745,-8.34157208097717,-7.941126066526303
1.0514315631023643,9.367653942055394,-5.43594235904764,2.0969703653592653,3.953109541212802
-3.2687191900604775,1.0186214372811442,-4.952102191119476,1.587928634194288,5.184500232941652
-10.759142039372371,-6.827439068223624,-1.6016963518440361,-2.071332721554704,5.652380128608861
4.081866266948403,2.401764771224295,3.373111808114582,3.1958694590919823,4.5972901916501705
0.2335577070767405,0.03439697620071058,1.6210768454176194,-5.026136182508186,8.962207977226416
6.082947247078506,-5.5988113270679225,-0.1443424113754319,-6.365185712296569,-8.208384563376134
7.305344434943388,-5.986532043046058,-8.861308712377273,4.486363795621893,-7.974558877315134
-1.76466361711161,5.185062528807219,-5.642659019810544,-5.145925029850669,5.721710317417582
6.856515195460404,-2.454776124073157,2.389194312543321,-3.5057826655910462,0.7972748691010967
6.12015712724613,-0.42534112897660137,4.617797069485899,-3.0852210581968382,6.608479697852125
-9.313520552419504,-7.763167615885676,1.515656406592325,-5.190774806759442,-2.61931068228916
3.504788809365879,0.38892639856972977,-1.8784521052438392,-8.217596704225048,-9.604021525376753
8.147681789922315,7.917584112889333,-8.623250160363153,-7.3544339404430215,-6.468587951758675
-2.088717620149019,-8.104567076254828,-4.064487187479661,4.343175261750051,-1.7040540812361549
7.09960348960837,-8.275473226267183,2.3709382842520377,3.0845126045350124,1.1675362680227828
2.091420415939109,1.826527322357549,-4.247497038182729,7.643543175109915,-3.6351031287429674
-0.5136146037478952,5.123750704660479,-4.642016210558304,2.239893835180318,3.8766653473910235
8.006090530715298,-2.063104935006015,3.971284865925335,0.09826744970119883,7.880050594127759
5.0480047756727915,-8.483572077013942,-2.359394538118722,-0.5918914388478314,-3.58014228996357
3.559280886290545,-3.760380820212279,-0.17198515489656296,2.885686081958079,5.40892343406858
-1.167143119156547,7.101597399503664,8.18017159331721,-7.012477475570007,-5.429064539153401
3.966433756720695,7.427699450253016,2.4172110840018712,6.430012097090714,4.505920140884889
0.5516671041692038,0.9898655140493968,-4.765485713185961,-5.756912172052939,-4.487421033582272
1.680544225089051,2.086601819620288,6.492016445395082,-1.3728352435533768,-9.15934043638959
2.5061748732772697,2.9587227697572196,-4.466283860894378,2.326123021723827,-0.307399545553789
2.232012826521859,-0.29191853269850654,-2.271269475819686,-7.183800108259726,4.387123860117137
6.602703745246794,3.743133628097276,0.4583650732302895,7.2068555264717595,-1.218801873934252
0.544377455098469,-4.8824495535555945,11.075601739657676,7.579176694352146,-1.261876423639542
8.694069171396565,-1.4362682259881083,-11.552787474933872,-5.311907969141323,-9.917985536143846
1.7121568055617802,3.0279855126994626,8.67566972238719,0.9827417278993273,4.714753923226683
1.7424837704330485,-4.939352559607473,-3.3819061239865262,6.1344064586141585,4.088320799896202
2.3638326649539634,9.383820375169119,11.16135925655968,6.54232279489025,-2.648728627595938
3.1977712374827663,-7.54322230687408,9.610255211422086,-5.362741513240483,-4.597678580048008
-6.767640494907662,7.851297404196579,-3.327661962250146,4.599996328129407,-5.335765099224181
8.553082182346206,6.1556770917153685,6.407570020917435,3.8607662835324614,-5.594952332239245
5.616347714185525,1.002206040881477,-2.154403187485455,7.389888254569922,2.8355848352651076
6.953484828250446,3.9446660499858837,-11.931609122922668,7.8508663700989665,-5.922899500752978
4.976198869254875,-1.7563527317416732,-0.3821480513195671,-9.225101245478323,5.952485708590045
3.595428560471282,5.843303396652226,10.71473492486789,7.4142331494212925,-0.49580089306115305
3.692836231721487,5.049286096753374,10.609891285425155,-3.1282655312305785,1.6746984248972545
7.299596448283353,2.3019411769434726,4.296152647950363,-6.31802064778438,0.9563201023511869
5.616114437432898,-5.278062879863419,-1.7884876479857068,-6.25932440870169,-4.596711920448653
-0.34361694654089603,-4.6903670296182565,9.361709088826942,-8.179020504873442,-0.9697381783287913
0.3520138967649286,1.4701948280576733,10.375876890205905,9.153480169982721,5.870274157325621
8.20889528789153,-4.874043007325297,-8.206398850111915,-6.728791887715014,4.063317810358139
3.0597583649775064,3.2602615670862356,2.480547676320916,-4.109507266358994,-4.345709199621568
-1.0059925998740082,-9.10031359052323,-1.1726569689692523,9.405970810121751,9.567095143356742
-0.08836944080017917,-2.9955407653516435,8.471919813837857,-5.086633292766298,4.755172992726193
5.595020860440004,-7.855306650402245,3.249077151074243,-0.5361759224709495,9.385112763243853
-3.5469140312847047,-3.9324911656777246,-6.003898014778739,4.766175073270674,6.668340276561693
2.391792976923869,8.686785843181937,-0.02700600436835221,4.630833073010425,3.4248905542897408
-2.6650024055711015,2.4429608857357863,-5.11901181251246,6.468194738699285,0.6687639231993803
-8.46567218509831,-5.162629678125552,-0.7515311089393222,6.351901846623459,-9.16748040968603
5.737459937127846,-4.763068302571392,5.592541916743632,-7.781370714200932,-9.248172297466063
1.2969090493279496,2.1867956740802104,-5.198837496599533,5.814675909446354,1.869896817511151
0.3394273351133401,6.989523699768487,-5.882907319726247,8.656870911485878,-8.587156755446498
-8.71614565798371,6.202811478018532,0.41752736815655134,-9.400608075741744,-0.42406499147825194
3.2231605425186967,-1.380772052234045,-1.135248979789073,-7.360748184089198,-9.98550682188397
-7.587629515843196,3.879411578137482,-0.950187599261026,7.282419811269982,1.1575849488751118
3.6940384693741697,-4.1462119558755735,5.078021447709899,-7.1883492203308075,1.8062256760715751
5.120167726127895,6.332566280079327,-3.379371543111065,-1.5900440787399575,9.567469497434768
1.4263770174461616,4.474821683158003,-5.749412478026601,8.821635310022163,7.22817855559725
-7.127384404757224,0.1462865796139372,0.9673161219378601,2.4236883435680756,-0.782166866072707
7.687876039797048,-6.740140747081947,-8.493325919707281,-3.3638783858155774,6.157253695552839
5.104255216932695,-0.6857684793897398,-5.824592895626855,4.892150440048482,-5.25912068025727
-3.730556806106639,-8.44426749828795,8.604851822788406,2.2115555234264512,-6.830838898401391
7.233457680558214,6.7583623109518065,6.588517605895258,9.199254533806652,-6.060169323791474
-0.8440630008449936,-9.828588095899054,9.16803128971453,7.5755932821560705,7.423998401884834
0.8209374620718906,-6.930975100796191,8.093091771123863,6.4695084182996965,2.315177393532469
0.11993163914534477,7.144800651118349,11.309139958911306,4.480184685450624,9.783814235169782
5.928642738608531,-1.1632978556554452,-3.642634618901563,6.291697216179404,9.001818332881449
7.388004728318309,9.2400438542353,-8.615997388180697,-7.762551797359675,-1.4469846752878635
1.1858304976752767,-9.06241339515268,-3.988134325351701,9.512600718860341,1.237970886868565
-7.723621725071455,9.62923434823422,0.2442888124636089,-7.731484340189074,8.871484086304164
7.967142595978841,9.610716548907824,3.1694131491174256,0.7426382230071233,0.16689017056074285
3.055295021654842,9.144973388208662,-3.262016702042766,7.66003719300716,-8.925441439250118
-9.089174846064124,7.980140580884264,1.1556761303513865,8.767731999351586,-2.2254232046314666
0.10555731820997516,3.6985055918544525,8.595244088875841,3.541124042964391,-3.9723888542209274
0.7689976403037949,-5.940139709889747,10.844118302073277,0.5279654293079865,-1.3368938804012132
-1.8948526125271188,7.941057394756665,-2.8521719536830803,-5.975405431883571,-9.313695829243866
3.7375745661157005,-9.40369019260531,0.7541487014062531,-9.386810124840634,1.4488641365554766
6.350812029573854,-3.4448552978924045,-10.626279411574188,4.010187260704935,-3.1806192328894545
7.527325756225711,9.154626367341958,5.624814537585248,-4.078361519417659,0.00815718272309951
-7.830354933293816,-7.267458180607029,0.5335953586795245,2.1613118401402414,-1.5894036195520655
4.913736883203758,-3.0263853310896778,8.834703560502792,-3.757464071013694,-1.4915650532648819
-1.2998123299363695,2.2661136697482682,-5.553660703405362,0.5622306457828969,4.8667893197795475
-0.1902894056646559,4.504292714541942,9.531280236740802,1.5896534196261847,0.5280040890726454
0.12601413793272337,-8.569655036252906,-3.832565559331935,-9.880965470596445,9.817229828546786
0.5309147397582701,1.4258282301638587,-4.4126878951375215,-5.725500064877522,-3.309597096007588
